no,요구사항MD,요구사항 명,상세 요구사항 정의,정의,구분,도출단계,상태,제약사항,수용여부,변경내역,,,,,,,,,,,,,,,,,,,,,,,,,,,,,,,,,,,,,,,,,,,,,,,,,,,,,,,,,,,,,,,,,,,,,,,,,,,,,,
,Main,,,,,,,,,,,,,,,,,,,,,,,,,,,,,,,,,,,,,,,,,,,,,,,,,,,,,,,,,,,,,,,,,,,,,,,,,,,,,,,,,,,,,,,
1,FR-HOME-01,앱 실행 시 홈 화면(게시글 인기 목록)표시,앱 실행 시 홈(게시글 목록) 화면이 표시된다.,기능,신규,,,,,,,,,,,,,,,,,,,,,,,,,,,,,,,,,,,,,,,,,,,,,,,,,,,,,,,,,,,,,,,,,,,,,,,,,,,,,,,,,,,
2,FR-HOME-02,기본 탭 상태,최초 진입 시 기본 탭은 “인기”로 선택된 상태로 초기 로딩이 정상 수행되어야 한다.,기능,신규,,,,,,,,,,,,,,,,,,,,,,,,,,,,,,,,,,,,,,,,,,,,,,,,,,,,,,,,,,,,,,,,,,,,,,,,,,,,,,,,,,,
3,FR-HOME-03,인기 탭 조회/정렬,인기 탭은 좋아요 수 내림차순으로 게시글을 조회한다. (예: 0~100),기능,신규,,,페이징 기준 서버 합의 필요,,,,,,,,,,,,,,,,,,,,,,,,,,,,,,,,,,,,,,,,,,,,,,,,,,,,,,,,,,,,,,,,,,,,,,,,,,,,,,,,
4,PR-HOME-01,게시글 목록 정책,"스크롤 Down/Up 시 기준 인덱스에 따라 다음/이전 구간을 추가 호출한다. (예: 300↑이면 다음 구간 호출, 700↓이면 이전 구간 재호출)",성능,신규,,,과호출 방지(캐싱/쓰로틀) 필요,,,,,,,,,,,,,,,,,,,,,,,,,,,,,,,,,,,,,,,,,,,,,,,,,,,,,,,,,,,,,,,,,,,,,,,,,,,,,,,,
5,FR-HOME-04,게시글 목록 비정기 갱신,게시글 목록 표시 중 “min~max 범위” 재요청을 통해 해당 ID의 표시 정보(좋아요 수/제목 등)를 갱신한다.,기능,신규,,,,,,,,,,,,,,,,,,,,,,,,,,,,,,,,,,,,,,,,,,,,,,,,,,,,,,,,,,,,,,,,,,,,,,,,,,,,,,,,,,,
6,FR-HOME-05,최신 탭 조회/정렬,최신 탭은 갱신일 기준 내림차순으로 게시글을 조회한다. (예: 0~100),기능,신규,,,페이징 기준 서버 합의 필요,,,,,,,,,,,,,,,,,,,,,,,,,,,,,,,,,,,,,,,,,,,,,,,,,,,,,,,,,,,,,,,,,,,,,,,,,,,,,,,,
7,FR-HOME-06,카테고리 필터,카테고리(스터디/운동/맛집/취미/네트워킹/기타) 선택 시 해당 카테고리 게시글 목록를 조회한다.,기능,신규,,,카테고리 값 정의 필요,,,,,,,,,,,,,,,,,,,,,,,,,,,,,,,,,,,,,,,,,,,,,,,,,,,,,,,,,,,,,,,,,,,,,,,,,,,,,,,,
8,FR-SCOPE-01,2차 애자일 범위 제외,내 관심/커뮤니티/채팅/마이페이지 탭 기능은 2차 애자일에서 개발한다.,기능,신규,,,(범위 제외),,,,,,,,,,,,,,,,,,,,,,,,,,,,,,,,,,,,,,,,,,,,,,,,,,,,,,,,,,,,,,,,,,,,,,,,,,,,,,,,
10,FR-POST-01,게시글 상세 진입,홈(게시글 목록)/지도/기타 진입점에서 특정 게시글 선택 시 해당 게시글 상세 화면으로 이동한다.,기능,신규,,,,,,,,,,,,,,,,,,,,,,,,,,,,,,,,,,,,,,,,,,,,,,,,,,,,,,,,,,,,,,,,,,,,,,,,,,,,,,,,,,,
11,FR-POST-02,상세 데이터 로드,"상세 화면 로딩 시 게시글 기본 정보 + 이미지 + 위치 + 좋아요 상태 + 댓글 목록을 조회한다. (예: post, post_image, map, like, comment, title, content)",기능,신규,,,응답 모델 표준화 필요,,,,,,,,,,,,,,,,,,,,,,,,,,,,,,,,,,,,,,,,,,,,,,,,,,,,,,,,,,,,,,,,,,,,,,,,,,,,,,,,
12,FR-POST-03,상세 비정기 갱신,사용자가 보고 있는 게시글(ID)의 최신 정보를 재요청하여 화면을 갱신한다.,기능,신규,,,,,,,,,,,,,,,,,,,,,,,,,,,,,,,,,,,,,,,,,,,,,,,,,,,,,,,,,,,,,,,,,,,,,,,,,,,,,,,,,,,
13,,,,,,,,,,,,,,,,,,,,,,,,,,,,,,,,,,,,,,,,,,,,,,,,,,,,,,,,,,,,,,,,,,,,,,,,,,,,,,,,,,,,,,,,
14,FR-LIKE-01,좋아요 토글,좋아요 버튼 클릭 시 현재 상태에 따라 좋아요 요청을 서버로 전달하고 UI 상태를 갱신한다.,기능,신규,,,,,,,,,,,,,,,,,,,,,,,,,,,,,,,,,,,,,,,,,,,,,,,,,,,,,,,,,,,,,,,,,,,,,,,,,,,,,,,,,,,
15,FR-LIKE-02,좋아요 수 갱신 방식,좋아요 수는 post.like_count 컬럼을 증감하여 관리한다. (원천 기록은 like_table 유지),기능,신규,,,트랜잭션/유니크 제약 필요,,,,,,,,,,,,,,,,,,,,,,,,,,,,,,,,,,,,,,,,,,,,,,,,,,,,,,,,,,,,,,,,,,,,,,,,,,,,,,,,
19,FR-CMT-01,댓글 목록 조회,게시글 상세 진입 시 댓글을 작성일자 내림차순으로 조회한다. (예: 0~100),기능,신규,,,페이징 기준 서버 합의 필요,,,,,,,,,,,,,,,,,,,,,,,,,,,,,,,,,,,,,,,,,,,,,,,,,,,,,,,,,,,,,,,,,,,,,,,,,,,,,,,,
20,PR-CMT-01,댓글 페이징,댓글 스크롤에 따라 다음/이전 구간을 추가 호출한다.,성능,신규,,,,,,,,,,,,,,,,,,,,,,,,,,,,,,,,,,,,,,,,,,,,,,,,,,,,,,,,,,,,,,,,,,,,,,,,,,,,,,,,,,,
21,FR-CMT-02,댓글 입력/등록,입력된 텍스트가 있을 때 엔터/전송 시 댓글 등록 요청을 서버로 전달하고 성공 시 목록을 갱신한다.,기능,신규,,,,,,,,,,,,,,,,,,,,,,,,,,,,,,,,,,,,,,,,,,,,,,,,,,,,,,,,,,,,,,,,,,,,,,,,,,,,,,,,,,,
22,FR-CMT-03,댓글 유효성,텍스트가 비어있으면 등록이 실패되어야 하며 사용자에게 안내한다.,기능,신규,,,,,,,,,,,,,,,,,,,,,,,,,,,,,,,,,,,,,,,,,,,,,,,,,,,,,,,,,,,,,,,,,,,,,,,,,,,,,,,,,,,
24,FR-WRITE-01,작성 화면 진입,+ 버튼 클릭 시 게시글 작성 화면으로 이동한다.,기능,신규,,,,,,,,,,,,,,,,,,,,,,,,,,,,,,,,,,,,,,,,,,,,,,,,,,,,,,,,,,,,,,,,,,,,,,,,,,,,,,,,,,,
25,FR-WRITE-02,필수값 검증,저장 전 제목/내용/카테고리 필수 입력 여부를 검증한다. 미충족 시 저장 불가 및 안내한다.,기능,신규,,,,,,,,,,,,,,,,,,,,,,,,,,,,,,,,,,,,,,,,,,,,,,,,,,,,,,,,,,,,,,,,,,,,,,,,,,,,,,,,,,,
26,FR-WRITE-03,게시글 저장,필수값 충족 시 게시글을 저장한다. (예: post INSERT),기능,신규,,,,,,,,,,,,,,,,,,,,,,,,,,,,,,,,,,,,,,,,,,,,,,,,,,,,,,,,,,,,,,,,,,,,,,,,,,,,,,,,,,,
27,FR-WRITE-04,이미지 첨부 선택,이미지 첨부 여부를 선택할 수 있다.,기능,신규,,,업로드 정책(개수/용량) 필요,,,,,,,,,,,,,,,,,,,,,,,,,,,,,,,,,,,,,,,,,,,,,,,,,,,,,,,,,,,,,,,,,,,,,,,,,,,,,,,,
28,FR-WRITE-05,이미지 저장,이미지 첨부 시 이미지 정보를 1건 저장한다. (예: post_image INSERT 1건),기능,신규,,,스토리지/URL 정책 필요,,,,,,,,,,,,,,,,,,,,,,,,,,,,,,,,,,,,,,,,,,,,,,,,,,,,,,,,,,,,,,,,,,,,,,,,,,,,,,,,
29,FR-WRITE-06,위치 입력 선택,위치 입력 여부를 선택할 수 있다.,기능,신규,,,위치 포맷(좌표/주소) 필요,,,,,,,,,,,,,,,,,,,,,,,,,,,,,,,,,,,,,,,,,,,,,,,,,,,,,,,,,,,,,,,,,,,,,,,,,,,,,,,,
30,FR-WRITE-07,위치 저장,위치 입력 시 위치 정보를 저장한다. (예: map INSERT),기능,신규,,,,,,,,,,,,,,,,,,,,,,,,,,,,,,,,,,,,,,,,,,,,,,,,,,,,,,,,,,,,,,,,,,,,,,,,,,,,,,,,,,,
31,FR-WRITE-08,등록 완료 후 복귀,저장 완료 시 홈(게시글 목록)로 복귀한다.,기능,신규,,,,,,,,,,,,,,,,,,,,,,,,,,,,,,,,,,,,,,,,,,,,,,,,,,,,,,,,,,,,,,,,,,,,,,,,,,,,,,,,,,,
32,FR-MAP-01,지도 화면 진입,네비게이터에서 지도 탭 클릭 시 지도 화면으로 이동한다.,기능,신규,,,,,,,,,,,,,,,,,,,,,,,,,,,,,,,,,,,,,,,,,,,,,,,,,,,,,,,,,,,,,,,,,,,,,,,,,,,,,,,,,,,
33,FR-MAP-02,위치 권한 확인,지도 진입 시 위치정보 제공 여부를 확인하고 동의 시 현재 위치를 사용한다.,기능,신규,,,권한 UX 필요,,,,,,,,,,,,,,,,,,,,,,,,,,,,,,,,,,,,,,,,,,,,,,,,,,,,,,,,,,,,,,,,,,,,,,,,,,,,,,,,
34,FR-MAP-03,지도 API 키 제공,서버는 지도 API 조회 키를 전달하고 프론트는 해당 키로 지도 조회를 수행한다.,기능,신규,,,키 보안 정책 필요,,,,,,,,,,,,,,,,,,,,,,,,,,,,,,,,,,,,,,,,,,,,,,,,,,,,,,,,,,,,,,,,,,,,,,,,,,,,,,,,
35,FR-MAP-04,마커 로드,현재 위치 기준 표시할 핀(마커) 정보를 전달받아 표시한다.,기능,신규,,,,,,,,,,,,,,,,,,,,,,,,,,,,,,,,,,,,,,,,,,,,,,,,,,,,,,,,,,,,,,,,,,,,,,,,,,,,,,,,,,,
36,PR-MAP-01,마커 제한 정책,위치정보가 있는 게시글 중 현재 위치 기준 거리 오름차순으로 약 100개만 전달한다.,성능,신규,,,서버 필터링/정렬 필요,,,,,,,,,,,,,,,,,,,,,,,,,,,,,,,,,,,,,,,,,,,,,,,,,,,,,,,,,,,,,,,,,,,,,,,,,,,,,,,,
37,PR-MAP-02,지도 상호작용 갱신,줌/드래그/현재위치 클릭 등으로 중심이 바뀌면 중심좌표 기준으로 마커를 갱신한다.,성능,신규,,,과호출 방지 필요,,,,,,,,,,,,,,,,,,,,,,,,,,,,,,,,,,,,,,,,,,,,,,,,,,,,,,,,,,,,,,,,,,,,,,,,,,,,,,,,
38,FR-MAP-05,마커 클릭 미리보기,마커 클릭 시 게시글 미리보기(제목/카테고리/요약)를 표시한다.,기능,신규,,,,,,,,,,,,,,,,,,,,,,,,,,,,,,,,,,,,,,,,,,,,,,,,,,,,,,,,,,,,,,,,,,,,,,,,,,,,,,,,,,,
39,FR-MAP-06,미리보기→상세 이동,미리보기에서 “게시글 보기” 클릭 시 해당 게시글 상세 화면으로 이동한다.,기능,신규,,,,,,,,,,,,,,,,,,,,,,,,,,,,,,,,,,,,,,,,,,,,,,,,,,,,,,,,,,,,,,,,,,,,,,,,,,,,,,,,,,,
,,,,,,,,,,,,,,,,,,,,,,,,,,,,,,,,,,,,,,,,,,,,,,,,,,,,,,,,,,,,,,,,,,,,,,,,,,,,,,,,,,,,,,,,
,,,,,,,,,,,,,,,,,,,,,,,,,,,,,,,,,,,,,,,,,,,,,,,,,,,,,,,,,,,,,,,,,,,,,,,,,,,,,,,,,,,,,,,,
,,,,,,,,,,,,,,,,,,,,,,,,,,,,,,,,,,,,,,,,,,,,,,,,,,,,,,,,,,,,,,,,,,,,,,,,,,,,,,,,,,,,,,,,
,,,,,,,,,,,,,,,,,,,,,,,,,,,,,,,,,,,,,,,,,,,,,,,,,,,,,,,,,,,,,,,,,,,,,,,,,,,,,,,,,,,,,,,,
,,,,,,,,,,,,,,,,,,,,,,,,,,,,,,,,,,,,,,,,,,,,,,,,,,,,,,,,,,,,,,,,,,,,,,,,,,,,,,,,,,,,,,,,
,,,,,,,,,,,,,,,,,,,,,,,,,,,,,,,,,,,,,,,,,,,,,,,,,,,,,,,,,,,,,,,,,,,,,,,,,,,,,,,,,,,,,,,,
,,,,,,,,,,,,,,,,,,,,,,,,,,,,,,,,,,,,,,,,,,,,,,,,,,,,,,,,,,,,,,,,,,,,,,,,,,,,,,,,,,,,,,,,
,,,,,,,,,,,,,,,,,,,,,,,,,,,,,,,,,,,,,,,,,,,,,,,,,,,,,,,,,,,,,,,,,,,,,,,,,,,,,,,,,,,,,,,,
,,,,,,,,,,,,,,,,,,,,,,,,,,,,,,,,,,,,,,,,,,,,,,,,,,,,,,,,,,,,,,,,,,,,,,,,,,,,,,,,,,,,,,,,
,,,,,,,,,,,,,,,,,,,,,,,,,,,,,,,,,,,,,,,,,,,,,,,,,,,,,,,,,,,,,,,,,,,,,,,,,,,,,,,,,,,,,,,,
,,,,,,,,,,,,,,,,,,,,,,,,,,,,,,,,,,,,,,,,,,,,,,,,,,,,,,,,,,,,,,,,,,,,,,,,,,,,,,,,,,,,,,,,
,,,,,,,,,,,,,,,,,,,,,,,,,,,,,,,,,,,,,,,,,,,,,,,,,,,,,,,,,,,,,,,,,,,,,,,,,,,,,,,,,,,,,,,,
,,,,,,,,,,,,,,,,,,,,,,,,,,,,,,,,,,,,,,,,,,,,,,,,,,,,,,,,,,,,,,,,,,,,,,,,,,,,,,,,,,,,,,,,
,,,,,,,,,,,,,,,,,,,,,,,,,,,,,,,,,,,,,,,,,,,,,,,,,,,,,,,,,,,,,,,,,,,,,,,,,,,,,,,,,,,,,,,,
,,,,,,,,,,,,,,,,,,,,,,,,,,,,,,,,,,,,,,,,,,,,,,,,,,,,,,,,,,,,,,,,,,,,,,,,,,,,,,,,,,,,,,,,
,,,,,,,,,,,,,,,,,,,,,,,,,,,,,,,,,,,,,,,,,,,,,,,,,,,,,,,,,,,,,,,,,,,,,,,,,,,,,,,,,,,,,,,,
,,,,,,,,,,,,,,,,,,,,,,,,,,,,,,,,,,,,,,,,,,,,,,,,,,,,,,,,,,,,,,,,,,,,,,,,,,,,,,,,,,,,,,,,
,,,,,,,,,,,,,,,,,,,,,,,,,,,,,,,,,,,,,,,,,,,,,,,,,,,,,,,,,,,,,,,,,,,,,,,,,,,,,,,,,,,,,,,,
,,,,,,,,,,,,,,,,,,,,,,,,,,,,,,,,,,,,,,,,,,,,,,,,,,,,,,,,,,,,,,,,,,,,,,,,,,,,,,,,,,,,,,,,
,,,,,,,,,,,,,,,,,,,,,,,,,,,,,,,,,,,,,,,,,,,,,,,,,,,,,,,,,,,,,,,,,,,,,,,,,,,,,,,,,,,,,,,,
,,,,,,,,,,,,,,,,,,,,,,,,,,,,,,,,,,,,,,,,,,,,,,,,,,,,,,,,,,,,,,,,,,,,,,,,,,,,,,,,,,,,,,,,
,,,,,,,,,,,,,,,,,,,,,,,,,,,,,,,,,,,,,,,,,,,,,,,,,,,,,,,,,,,,,,,,,,,,,,,,,,,,,,,,,,,,,,,,
