cd,name,cd_info,cd_upper
TC00,테이블,테이블명,
TC01,codeT,코드테이블,TC00
TC02,users,유저테이블,TC00
TC03,maps,지도테이블,TC00
TC04,posts,"게시글, 커뮤니티, 리뷰 테이블",TC00
TC05,images,이미지테이블,TC00
TC06,comments,댓글테이블,TC00
TC07,likes,좋아요테이블,TC00
TC08,shop,가게테이블,TC00
TC09,menu,메뉴테이블,TC00
TC10,crawling,크롤링테이블,TC00
US00,사용자 상태,사용자 상태 코드,
US01,ACTIVE,활성 사용자,US00
US02,INACTIVE,비활성 사용자,US00
US03,BLOCKED,차단 사용자,US00
US04,DELETED,탈퇴/삭제 사용자,US00
ST00,게시글 상태,게시글 상태 코드,
ST01,ACTIVE,활성 게시글,ST00
ST02,INACTIVE,비활성 게시글,ST00
ST03,DELETED,삭제된 게시글,ST00
PT00,게시글 유형,게시글 타입,
PT01,게시글,"나눔, 정보, 스터디,....",PT00
PT02,커뮤니티,모임,PT00
PT03,운영,"공지사항, 크롤링 정보, 맛집리뷰",PT00
CA00,카테고리,카테고리 분류,
CA01,맛집,맛집 리스트,CA00
CA02,스터디,"자기계발, 외국어, 코딩테스트, 자격증",CA00
CA03,운동,"산책, 러닝, 클라이밍...",CA00
CA04,일상,"패션, 반려동물, ....",CA00
CA05,취미,"독서, 공연, 영화, 전시, 콘서트",CA00
CA06,나눔,중고나눔,CA00
CA07,정보,크롤링 정보,CA00
CA08,기타,ETC,CA00
FC00,음식종류,"한식, 양식, 일식, 중식, 카페, 퓨전",
FC01,한식,"불고기, 비빔밥 등",FC00
FC02,일식,"초밥, 라멘 등",FC00
FC03,중식,"짜장면, 짬뽕 등",FC00
FC04,양식,"파스타, 스테이크 등",FC00
FC05,카페,"커피, 디저트 등",FC00
FC06,퓨전,아시아퓨전 등,FC00
LA00,지역코드,전국 시군구 단위,
LA01,강원특별자치도 강릉시,주소,LA00
LA02,강원특별자치도 고성군,주소,LA00
LA03,강원특별자치도 동해시,주소,LA00
LA04,강원특별자치도 삼척시,주소,LA00
LA05,강원특별자치도 속초시,주소,LA00
LA06,강원특별자치도 양구군,주소,LA00
LA07,강원특별자치도 양양군,주소,LA00
LA08,강원특별자치도 영월군,주소,LA00
LA09,강원특별자치도 원주시,주소,LA00
LA10,강원특별자치도 인제군,주소,LA00
LA11,강원특별자치도 정선군,주소,LA00
LA12,강원특별자치도 철원군,주소,LA00
LA13,강원특별자치도 춘천시,주소,LA00
LA14,강원특별자치도 태백시,주소,LA00
LA15,강원특별자치도 평창군,주소,LA00
LA16,강원특별자치도 홍천군,주소,LA00
LA17,강원특별자치도 화천군,주소,LA00
LA18,강원특별자치도 횡성군,주소,LA00
LA19,경기도 가평군,주소,LA00
LA20,경기도 고양시 덕양구,주소,LA00
LA21,경기도 고양시 일산동구,주소,LA00
LA22,경기도 고양시 일산서구,주소,LA00
LA23,경기도 광명시,주소,LA00
LA24,경기도 광주시,주소,LA00
LA25,경기도 구리시,주소,LA00
LA26,경기도 군포시,주소,LA00
LA27,경기도 김포시,주소,LA00
LA28,경기도 남양주시,주소,LA00
LA29,경기도 동두천시,주소,LA00
LA30,경기도 부천시 소사구,주소,LA00
LA31,경기도 부천시 원미구,주소,LA00
LA32,경기도 성남시 분당구,주소,LA00
LA33,경기도 성남시 수정구,주소,LA00
LA34,경기도 수원시 권선구,주소,LA00
LA35,경기도 수원시 영통구,주소,LA00
LA36,경기도 수원시 장안구,주소,LA00
LA37,경기도 수원시 팔달구,주소,LA00
LA38,경기도 시흥시,주소,LA00
LA39,경기도 안산시 단원구,주소,LA00
LA40,경기도 안산시 상록구,주소,LA00
LA41,경기도 안성시,주소,LA00
LA42,경기도 안양시 동안구,주소,LA00
LA43,경기도 안양시 만안구,주소,LA00
LA44,경기도 양주시,주소,LA00
LA45,경기도 양평군,주소,LA00
LA46,경기도 여주시,주소,LA00
LA47,경기도 연천군,주소,LA00
LA48,경기도 오산시,주소,LA00
LA49,경기도 용인시 기흥구,주소,LA00
LA50,경기도 용인시 수지구,주소,LA00
LA51,경기도 용인시 처인구,주소,LA00
LA52,경기도 의왕시,주소,LA00
LA53,경기도 의정부시,주소,LA00
LA54,경기도 이천시,주소,LA00
LA55,경기도 파주시,주소,LA00
LA56,경기도 평택시,주소,LA00
LA57,경기도 포천시,주소,LA00
LA58,경기도 하남시,주소,LA00
LA59,경기도 화성시 만세구,주소,LA00
LA60,경기도 화성시 병점구,주소,LA00
LA61,경기도 화성시 효행구,주소,LA00
LA62,경상남도 거제시,주소,LA00
LA63,경상남도 거창군,주소,LA00
LA64,경상남도 고성군,주소,LA00
LA65,경상남도 김해시,주소,LA00
LA66,경상남도 남해군,주소,LA00
LA67,경상남도 밀양시,주소,LA00
LA68,경상남도 사천시,주소,LA00
LA69,경상남도 산청군,주소,LA00
LA70,경상남도 양산시,주소,LA00
LA71,경상남도 의령군,주소,LA00
LA72,경상남도 진주시,주소,LA00
LA73,경상남도 창녕군,주소,LA00
LA74,경상남도 창원시 마산합포구,주소,LA00
LA75,경상남도 창원시 마산회원구,주소,LA00
LA76,경상남도 창원시 성산구,주소,LA00
LA77,경상남도 창원시 의창구,주소,LA00
LA78,경상남도 창원시 진해구,주소,LA00
LA79,경상남도 통영시,주소,LA00
LA80,경상남도 하동군,주소,LA00
LA81,경상남도 함안군,주소,LA00
LA82,경상남도 함양군,주소,LA00
LA83,경상남도 합천군,주소,LA00
LA84,경상북도 경산시,주소,LA00
LA85,경상북도 경주시,주소,LA00
LA86,경상북도 고령군,주소,LA00
LA87,경상북도 구미시,주소,LA00
LA88,경상북도 김천시,주소,LA00
LA89,경상북도 문경시,주소,LA00
LA90,경상북도 봉화군,주소,LA00
LA91,경상북도 상주시,주소,LA00
LA92,경상북도 성주군,주소,LA00
LA93,경상북도 안동시,주소,LA00
LA94,경상북도 영덕군,주소,LA00
LA95,경상북도 영양군,주소,LA00
LA96,경상북도 영주시,주소,LA00
LA97,경상북도 영천시,주소,LA00
LA98,경상북도 예천군,주소,LA00
LA99,경상북도 울릉군,주소,LA00
LA100,경상북도 울진군,주소,LA00
LA101,경상북도 의성군,주소,LA00
LA102,경상북도 청도군,주소,LA00
LA103,경상북도 청송군,주소,LA00
LA104,경상북도 칠곡군,주소,LA00
LA105,경상북도 포항시 남구,주소,LA00
LA106,경상북도 포항시 북구,주소,LA00
LA107,광주광역시 광산구,주소,LA00
LA108,광주광역시 남구,주소,LA00
LA109,광주광역시 동구,주소,LA00
LA110,광주광역시 북구,주소,LA00
LA111,광주광역시 서구,주소,LA00
LA112,대구광역시 군위군,주소,LA00
LA113,대구광역시 남구,주소,LA00
LA114,대구광역시 달서구,주소,LA00
LA115,대구광역시 달성군,주소,LA00
LA116,대구광역시 동구,주소,LA00
LA117,대구광역시 북구,주소,LA00
LA118,대구광역시 서구,주소,LA00
LA119,대구광역시 수성구,주소,LA00
LA120,대구광역시 중구,주소,LA00
LA121,"대전 유성구 ",주소,LA00
LA122,대전광역시 대덕구,주소,LA00
LA123,대전광역시 동구,주소,LA00
LA124,대전광역시 서구,주소,LA00
LA125,대전광역시 유성구,주소,LA00
LA126,대전광역시 중구,주소,LA00
LA127,부산광역시 강서구,주소,LA00
LA128,부산광역시 금정구,주소,LA00
LA129,부산광역시 기장군,주소,LA00
LA130,부산광역시 남구,주소,LA00
LA131,부산광역시 동구,주소,LA00
LA132,부산광역시 동래구,주소,LA00
LA133,부산광역시 부산진구,주소,LA00
LA134,부산광역시 북구,주소,LA00
LA135,부산광역시 사상구,주소,LA00
LA136,부산광역시 사하구,주소,LA00
LA137,부산광역시 서구,주소,LA00
LA138,부산광역시 수영구,주소,LA00
LA139,부산광역시 연제구,주소,LA00
LA140,부산광역시 영도구,주소,LA00
LA141,부산광역시 중구,주소,LA00
LA142,부산광역시 해운대구,주소,LA00
LA143,서울특별시 강남구,주소,LA00
LA144,서울특별시 강동구,주소,LA00
LA145,서울특별시 강북구,주소,LA00
LA146,서울특별시 강서구,주소,LA00
LA147,서울특별시 관악구,주소,LA00
LA148,서울특별시 광진구,주소,LA00
LA149,서울특별시 구로구,주소,LA00
LA150,서울특별시 금천구,주소,LA00
LA151,서울특별시 노원구,주소,LA00
LA152,서울특별시 도봉구,주소,LA00
LA153,서울특별시 동대문구,주소,LA00
LA154,서울특별시 동작구,주소,LA00
LA155,서울특별시 마포구,주소,LA00
LA156,서울특별시 서대문구,주소,LA00
LA157,서울특별시 서초구,주소,LA00
LA158,서울특별시 성북구,주소,LA00
LA159,서울특별시 송파구,주소,LA00
LA160,서울특별시 양천구,주소,LA00
LA161,서울특별시 영등포구,주소,LA00
LA162,서울특별시 용산구,주소,LA00
LA163,서울특별시 은평구,주소,LA00
LA164,서울특별시 종로구,주소,LA00
LA165,서울특별시 중구,주소,LA00
LA166,서울특별시 중랑구,주소,LA00
LA167,"세종특별자치시 ",주소,LA00
LA168,울산광역시 남구,주소,LA00
LA169,울산광역시 동구,주소,LA00
LA170,울산광역시 북구,주소,LA00
LA171,울산광역시 울주군,주소,LA00
LA172,울산광역시 중구,주소,LA00
LA173,인천광역시 강화군,주소,LA00
LA174,인천광역시 계양구,주소,LA00
LA175,인천광역시 남동구,주소,LA00
LA176,인천광역시 동구,주소,LA00
LA177,인천광역시 미추홀구,주소,LA00
LA178,인천광역시 부평구,주소,LA00
LA179,인천광역시 서구,주소,LA00
LA180,인천광역시 연수구,주소,LA00
LA181,인천광역시 옹진군,주소,LA00
LA182,인천광역시 중구,주소,LA00
LA183,전라남도 강진군,주소,LA00
LA184,전라남도 고흥군,주소,LA00
LA185,전라남도 곡성군,주소,LA00
LA186,전라남도 광양시,주소,LA00
LA187,전라남도 구례군,주소,LA00
LA188,전라남도 나주시,주소,LA00
LA189,전라남도 담양군,주소,LA00
LA190,전라남도 목포시,주소,LA00
LA191,전라남도 무안군,주소,LA00
LA192,전라남도 보성군,주소,LA00
LA193,전라남도 순천시,주소,LA00
LA194,전라남도 신안군,주소,LA00
LA195,전라남도 여수시,주소,LA00
LA196,전라남도 영광군,주소,LA00
LA197,전라남도 영암군,주소,LA00
LA198,전라남도 완도군,주소,LA00
LA199,전라남도 장성군,주소,LA00
LA200,전라남도 장흥군,주소,LA00
LA201,전라남도 진도군,주소,LA00
LA202,전라남도 함평군,주소,LA00
LA203,전라남도 해남군,주소,LA00
LA204,전라남도 화순군,주소,LA00
LA205,전북특별자치도 고창군,주소,LA00
LA206,전북특별자치도 군산시,주소,LA00
LA207,전북특별자치도 김제시,주소,LA00
LA208,전북특별자치도 남원시,주소,LA00
LA209,전북특별자치도 무주군,주소,LA00
LA210,전북특별자치도 부안군,주소,LA00
LA211,전북특별자치도 순창군,주소,LA00
LA212,전북특별자치도 완주군,주소,LA00
LA213,전북특별자치도 익산시,주소,LA00
LA214,전북특별자치도 임실군,주소,LA00
LA215,전북특별자치도 장수군,주소,LA00
LA216,전북특별자치도 전주시 덕진구,주소,LA00
LA217,전북특별자치도 전주시 완산구,주소,LA00
LA218,전북특별자치도 정읍시,주소,LA00
LA219,전북특별자치도 진안군,주소,LA00
LA220,제주특별자치도 서귀포시,주소,LA00
LA221,제주특별자치도 제주시,주소,LA00
LA222,충청남도 계룡시,주소,LA00
LA223,충청남도 공주시,주소,LA00
LA224,충청남도 금산군,주소,LA00
LA225,충청남도 논산시,주소,LA00
LA226,충청남도 당진시,주소,LA00
LA227,충청남도 보령시,주소,LA00
LA228,충청남도 부여군,주소,LA00
LA229,충청남도 서산시,주소,LA00
LA230,충청남도 서천군,주소,LA00
LA231,충청남도 아산시,주소,LA00
LA232,충청남도 예산군,주소,LA00
LA233,충청남도 천안시 동남구,주소,LA00
LA234,충청남도 천안시 서북구,주소,LA00
LA235,충청남도 청양군,주소,LA00
LA236,충청남도 태안군,주소,LA00
LA237,충청남도 홍성군,주소,LA00
LA238,충청북도 괴산군,주소,LA00
LA239,충청북도 단양군,주소,LA00
LA240,충청북도 보은군,주소,LA00
LA241,충청북도 영동군,주소,LA00
LA242,충청북도 옥천군,주소,LA00
LA243,충청북도 음성군,주소,LA00
LA244,충청북도 제천시,주소,LA00
LA245,충청북도 증평군,주소,LA00
LA246,충청북도 진천군,주소,LA00
LA247,충청북도 청주시 상당구,주소,LA00
LA248,충청북도 청주시 서원구,주소,LA00
LA249,충청북도 청주시 청원구,주소,LA00
LA250,충청북도 청주시 흥덕구,주소,LA00
LA251,충청북도 충주시,주소,LA00
