"image_id","image_url","table_name","table_id"
1,https://d12zq4w4guyljn.cloudfront.net/20260422012831_photo4_f3e3d8089fef.webp,shop,1
2,https://d12zq4w4guyljn.cloudfront.net/20260422012831_photo5_f3e3d8089fef.webp,shop,1
3,https://d12zq4w4guyljn.cloudfront.net/20260410090615181_photo_7c3cfe4bcba1.webp,shop,1
4,https://d12zq4w4guyljn.cloudfront.net/20260410090615363_photo_7c3cfe4bcba1.webp,shop,1
5,https://d12zq4w4guyljn.cloudfront.net/20260408204821_photo1_0de737750e29.webp,shop,1
6,https://d12zq4w4guyljn.cloudfront.net/20260328092632_photo1_5511868fa4ef.webp,shop,1
7,https://d12zq4w4guyljn.cloudfront.net/20260328092632_photo2_5511868fa4ef.webp,shop,1
8,https://d12zq4w4guyljn.cloudfront.net/20260328092632_photo3_5511868fa4ef.webp,shop,1
9,https://d12zq4w4guyljn.cloudfront.net/20260319054848_photo1_cf01b5f9b238.webp,shop,1
10,https://d12zq4w4guyljn.cloudfront.net/20260319054848_photo2_cf01b5f9b238.webp,shop,1
11,https://d12zq4w4guyljn.cloudfront.net/20260316065548_photo1_3e7f7766599b.webp,shop,1
12,https://d12zq4w4guyljn.cloudfront.net/20260316065548_photo2_3e7f7766599b.webp,shop,1
13,https://d12zq4w4guyljn.cloudfront.net/20260422012831_photo3_f3e3d8089fef.webp,shop,1
14,https://d12zq4w4guyljn.cloudfront.net/20260408204821_photo2_0de737750e29.webp,shop,1
15,https://d12zq4w4guyljn.cloudfront.net/20260408204821_menu1_0de737750e29.webp,shop,1
16,https://d12zq4w4guyljn.cloudfront.net/20260328092632_photo4_5511868fa4ef.webp,shop,1
17,https://d12zq4w4guyljn.cloudfront.net/20250724120011_menu1_5a969b6de0a1.webp,shop,1
18,https://d12zq4w4guyljn.cloudfront.net/20241226144018_photo2_f2e13a60b9de.webp,shop,1
19,https://d12zq4w4guyljn.cloudfront.net/20241226144018_photo3_f2e13a60b9de.webp,shop,1
20,https://d12zq4w4guyljn.cloudfront.net/20241230045559_photo4_4uBLESlq4QwF.webp,shop,1
21,https://d12zq4w4guyljn.cloudfront.net/20230315012412_photo3_fgW1KZo5Phdo.webp,shop,1
22,https://d12zq4w4guyljn.cloudfront.net/20220505193421_photo2_jGCMNKQKpkoM.webp,shop,1
23,https://d12zq4w4guyljn.cloudfront.net/20260422012831_photo1_f3e3d8089fef.webp,shop,1
24,https://d12zq4w4guyljn.cloudfront.net/20260422012831_photo2_f3e3d8089fef.webp,shop,1
25,https://d12zq4w4guyljn.cloudfront.net/20260328092632_photo5_5511868fa4ef.webp,shop,1
26,https://d12zq4w4guyljn.cloudfront.net/20260104121029_photo3_u1Gbho0o5xhZ.webp,shop,1
27,https://d12zq4w4guyljn.cloudfront.net/20260101031246_menu1_4492eba16d1c.webp,shop,1
28,https://d12zq4w4guyljn.cloudfront.net/20250830122612_menu1_3d18d74fd4b1.webp,shop,1
29,https://d12zq4w4guyljn.cloudfront.net/20250724120011_photo2_5a969b6de0a1.webp,shop,1
30,https://d12zq4w4guyljn.cloudfront.net/20250318091437_photo1_e230737ebb99.webp,shop,1
31,https://d12zq4w4guyljn.cloudfront.net/20250318091437_photo2_e230737ebb99.webp,shop,1
32,https://d12zq4w4guyljn.cloudfront.net/20241230045559_photo5_4uBLESlq4QwF.webp,shop,1
33,https://d12zq4w4guyljn.cloudfront.net/20241230045559_photo7_4uBLESlq4QwF.webp,shop,1
34,https://d12zq4w4guyljn.cloudfront.net/20240524043309408_photo_6e3f58530398.webp,shop,1
35,https://d12zq4w4guyljn.cloudfront.net/20260422012831_menu1_f3e3d8089fef.webp,shop,1
36,https://d12zq4w4guyljn.cloudfront.net/20260410090621502_menu_7c3cfe4bcba1.webp,shop,1
37,https://d12zq4w4guyljn.cloudfront.net/20260328081955_menu1_5511868fa4ef.webp,shop,1
38,https://d12zq4w4guyljn.cloudfront.net/20260319054848_menu1_cf01b5f9b238.webp,shop,1
39,https://d12zq4w4guyljn.cloudfront.net/20260316065548_menu1_3e7f7766599b.webp,shop,1
40,https://d12zq4w4guyljn.cloudfront.net/20260104121029_menu1_u1Gbho0o5xhZ.webp,shop,1
41,https://d12zq4w4guyljn.cloudfront.net/20260104121029_menu2_u1Gbho0o5xhZ.webp,shop,1
42,https://d12zq4w4guyljn.cloudfront.net/20260101031246_photo2_4492eba16d1c.webp,shop,1
43,https://d12zq4w4guyljn.cloudfront.net/20250318091437_menu1_e230737ebb99.webp,shop,1
44,https://d12zq4w4guyljn.cloudfront.net/20250318091437_menu2_e230737ebb99.webp,shop,1
45,https://d12zq4w4guyljn.cloudfront.net/20250130050547_menu1_972410fd9f6f.webp,shop,1
46,https://d12zq4w4guyljn.cloudfront.net/20241226144019_menu1_f2e13a60b9de.webp,shop,1
47,https://d12zq4w4guyljn.cloudfront.net/20250908123135_photo2_f816e47535b4.webp,shop,2
48,https://d12zq4w4guyljn.cloudfront.net/20250116125921_photo1_ddbac0e08937.webp,shop,2
49,https://d12zq4w4guyljn.cloudfront.net/20250116125921_photo2_ddbac0e08937.webp,shop,2
50,https://d12zq4w4guyljn.cloudfront.net/20250116125921_photo3_ddbac0e08937.webp,shop,2
51,https://d12zq4w4guyljn.cloudfront.net/20250114015524_photo1_56a596676136.webp,shop,2
52,https://d12zq4w4guyljn.cloudfront.net/20250114015524_photo2_56a596676136.webp,shop,2
53,https://d12zq4w4guyljn.cloudfront.net/20250114015524_photo3_56a596676136.webp,shop,2
54,https://d12zq4w4guyljn.cloudfront.net/20250114015524_photo4_56a596676136.webp,shop,2
55,https://d12zq4w4guyljn.cloudfront.net/20240805033726160_photo_92c9fee89524.webp,shop,2
56,https://d12zq4w4guyljn.cloudfront.net/20240726085434602_photo_c556c07d4daf.webp,shop,2
57,https://d12zq4w4guyljn.cloudfront.net/20240723095650517_photo_351ee3d7b217.webp,shop,2
58,https://d12zq4w4guyljn.cloudfront.net/20240721011220107_photo_c556c07d4daf.webp,shop,2
59,https://d12zq4w4guyljn.cloudfront.net/20240805033713353_photo_92c9fee89524.webp,shop,2
60,https://d12zq4w4guyljn.cloudfront.net/20240723095649953_photo_351ee3d7b217.webp,shop,2
61,https://d12zq4w4guyljn.cloudfront.net/20191014011903952_menu_14ccb321d484.webp,shop,2
62,https://d12zq4w4guyljn.cloudfront.net/20250908123135_photo1_f816e47535b4.webp,shop,2
63,https://d12zq4w4guyljn.cloudfront.net/20240805033713256_photo_92c9fee89524.webp,shop,2
64,https://d12zq4w4guyljn.cloudfront.net/20240801031452_photo1_4e77c2beb519.webp,shop,2
65,https://d12zq4w4guyljn.cloudfront.net/20240726085539654_photo_c556c07d4daf.webp,shop,2
66,https://d12zq4w4guyljn.cloudfront.net/20240726090013876_menu_c556c07d4daf.webp,shop,2
67,https://d12zq4w4guyljn.cloudfront.net/20240721011220422_photo_c556c07d4daf.webp,shop,2
68,https://d12zq4w4guyljn.cloudfront.net/20191014011904676_menu_14ccb321d484.webp,shop,2
69,https://d12zq4w4guyljn.cloudfront.net/20250116125922_menu1_ddbac0e08937.webp,shop,2
70,https://d12zq4w4guyljn.cloudfront.net/20250114015525_menu1_56a596676136.webp,shop,2
71,https://d12zq4w4guyljn.cloudfront.net/20250114015525_menu2_56a596676136.webp,shop,2
72,https://d12zq4w4guyljn.cloudfront.net/20240805033726062_photo_92c9fee89524.jpg,shop,2
73,https://d12zq4w4guyljn.cloudfront.net/20240805033726254_photo_92c9fee89524.jpg,shop,2
74,https://d12zq4w4guyljn.cloudfront.net/20240801031453_menu1_4e77c2beb519.webp,shop,2
75,https://d12zq4w4guyljn.cloudfront.net/20240725145451_photo1_1a855907f45b.webp,shop,2
76,https://d12zq4w4guyljn.cloudfront.net/20240302063223_menu1_9178baa551c6.webp,shop,2
77,https://d12zq4w4guyljn.cloudfront.net/20230413083801985_menu_01bed7ef13bf.webp,shop,2
78,https://d12zq4w4guyljn.cloudfront.net/20251226024721295_photo_73d2be0a374e.webp,shop,3
79,https://d12zq4w4guyljn.cloudfront.net/20251226024721660_photo_73d2be0a374e.webp,shop,3
80,https://d12zq4w4guyljn.cloudfront.net/20251226024721976_photo_73d2be0a374e.webp,shop,3
81,https://d12zq4w4guyljn.cloudfront.net/20251225031811_photo1_6636c355cd8d.webp,shop,3
82,https://d12zq4w4guyljn.cloudfront.net/20251225031811_photo2_6636c355cd8d.webp,shop,3
83,https://d12zq4w4guyljn.cloudfront.net/20251225031811_photo3_6636c355cd8d.webp,shop,3
84,https://d12zq4w4guyljn.cloudfront.net/20251225031811_photo4_6636c355cd8d.webp,shop,3
85,https://d12zq4w4guyljn.cloudfront.net/20241101033814_photo2_a1883a8c506d.webp,shop,3
86,https://d12zq4w4guyljn.cloudfront.net/20241101033814_photo3_a1883a8c506d.webp,shop,3
87,https://d12zq4w4guyljn.cloudfront.net/20240915205634_photo1_a2e1b1990f36.webp,shop,3
88,https://d12zq4w4guyljn.cloudfront.net/20240915205634_photo2_a2e1b1990f36.webp,shop,3
89,https://d12zq4w4guyljn.cloudfront.net/20240915205634_photo3_a2e1b1990f36.webp,shop,3
90,https://d12zq4w4guyljn.cloudfront.net/20251225031811_photo6_6636c355cd8d.webp,shop,3
91,https://d12zq4w4guyljn.cloudfront.net/20240917102641_photo2_401e9e341431.webp,shop,3
92,https://d12zq4w4guyljn.cloudfront.net/20251225031811_photo5_6636c355cd8d.webp,shop,3
93,https://d12zq4w4guyljn.cloudfront.net/20241101033814_photo1_a1883a8c506d.webp,shop,3
94,https://d12zq4w4guyljn.cloudfront.net/20220807091321_photo1_376ba920a933.webp,shop,3
95,https://d12zq4w4guyljn.cloudfront.net/20220802061530_photo2_c8ca0322ac35.webp,shop,3
96,https://d12zq4w4guyljn.cloudfront.net/20220730094407_photo2_61f4566d7f0a.webp,shop,3
97,https://d12zq4w4guyljn.cloudfront.net/20251226024734503_menu_73d2be0a374e.webp,shop,3
98,https://d12zq4w4guyljn.cloudfront.net/20251225031811_menu1_6636c355cd8d.webp,shop,3
99,https://d12zq4w4guyljn.cloudfront.net/20251225031811_menu2_6636c355cd8d.webp,shop,3
100,https://d12zq4w4guyljn.cloudfront.net/20241101033816_menu1_a1883a8c506d.webp,shop,3
101,https://d12zq4w4guyljn.cloudfront.net/20240915205634_menu1_a2e1b1990f36.webp,shop,3
102,https://d12zq4w4guyljn.cloudfront.net/20240915205634_menu2_a2e1b1990f36.webp,shop,3
103,https://d12zq4w4guyljn.cloudfront.net/20240917102642_menu1_401e9e341431.webp,shop,3
104,https://d12zq4w4guyljn.cloudfront.net/20240415105819633_menu_803f03a43d34.webp,shop,3
105,https://d12zq4w4guyljn.cloudfront.net/20230313071958502_menu_rLWyGnzqKeAW.webp,shop,3
106,https://d12zq4w4guyljn.cloudfront.net/20220807091321_menu1_376ba920a933.webp,shop,3
107,https://d12zq4w4guyljn.cloudfront.net/20220802061533_menu1_c8ca0322ac35.webp,shop,3
108,https://d12zq4w4guyljn.cloudfront.net/20220730094409_menu1_61f4566d7f0a.webp,shop,3
109,https://d12zq4w4guyljn.cloudfront.net/20260325091719847_photo_b56b766a4c2a.webp,shop,4
110,https://d12zq4w4guyljn.cloudfront.net/20260215033229_photo1_EKvyNfsTB5dN.webp,shop,4
111,https://d12zq4w4guyljn.cloudfront.net/20260215033229_photo2_EKvyNfsTB5dN.webp,shop,4
112,https://d12zq4w4guyljn.cloudfront.net/20260215033229_photo3_EKvyNfsTB5dN.webp,shop,4
113,https://d12zq4w4guyljn.cloudfront.net/20260128103343786_photo_40651991081b.webp,shop,4
114,https://d12zq4w4guyljn.cloudfront.net/20260128103343182_photo_40651991081b.webp,shop,4
115,https://d12zq4w4guyljn.cloudfront.net/20260128103343488_photo_40651991081b.webp,shop,4
116,https://d12zq4w4guyljn.cloudfront.net/20250724094308369_photo_26cf411346a4.webp,shop,4
117,https://d12zq4w4guyljn.cloudfront.net/20250724094308627_photo_26cf411346a4.webp,shop,4
118,https://d12zq4w4guyljn.cloudfront.net/20250722110309904_photo_c72a14e476c7.webp,shop,4
119,https://d12zq4w4guyljn.cloudfront.net/20250722110310522_photo_c72a14e476c7.webp,shop,4
120,https://d12zq4w4guyljn.cloudfront.net/20240625124641264_photo_nHsPdBtUHr4V.webp,shop,4
121,https://d12zq4w4guyljn.cloudfront.net/20260325091803992_photo_b56b766a4c2a.webp,shop,4
122,https://d12zq4w4guyljn.cloudfront.net/20260215033229_photo4_EKvyNfsTB5dN.webp,shop,4
123,https://d12zq4w4guyljn.cloudfront.net/20240625124655796_menu_nHsPdBtUHr4V.webp,shop,4
124,https://d12zq4w4guyljn.cloudfront.net/20240625124656022_menu_nHsPdBtUHr4V.webp,shop,4
125,https://d12zq4w4guyljn.cloudfront.net/20240625124654852_menu_nHsPdBtUHr4V.webp,shop,4
126,https://d12zq4w4guyljn.cloudfront.net/20230812051011616_photo_6a0d7882f7d8.webp,shop,4
127,https://d12zq4w4guyljn.cloudfront.net/20230812051018129_photo_6a0d7882f7d8.webp,shop,4
128,https://d12zq4w4guyljn.cloudfront.net/20240625124655553_menu_nHsPdBtUHr4V.webp,shop,4
129,https://d12zq4w4guyljn.cloudfront.net/20230812051011477_photo_6a0d7882f7d8.webp,shop,4
130,https://d12zq4w4guyljn.cloudfront.net/20260325091814903_menu_b56b766a4c2a.webp,shop,4
131,https://d12zq4w4guyljn.cloudfront.net/20260325091815368_menu_b56b766a4c2a.webp,shop,4
132,https://d12zq4w4guyljn.cloudfront.net/20260215033229_menu1_EKvyNfsTB5dN.webp,shop,4
133,https://d12zq4w4guyljn.cloudfront.net/20260128103405844_menu_40651991081b.webp,shop,4
134,https://d12zq4w4guyljn.cloudfront.net/20250724094316516_menu_26cf411346a4.webp,shop,4
135,https://d12zq4w4guyljn.cloudfront.net/20250722110327840_menu_c72a14e476c7.webp,shop,4
136,https://d12zq4w4guyljn.cloudfront.net/20240625124655069_menu_nHsPdBtUHr4V.webp,shop,4
137,https://d12zq4w4guyljn.cloudfront.net/20240625125715020_menu_nHsPdBtUHr4V.webp,shop,4
138,https://d12zq4w4guyljn.cloudfront.net/20230812051033690_menu_6a0d7882f7d8.webp,shop,4
139,https://d12zq4w4guyljn.cloudfront.net/20200822114058_menu1_c074a11b25a3.webp,shop,4
140,https://d12zq4w4guyljn.cloudfront.net/20260423064935_photo1_u1Gbho0o5xhZ.webp,shop,5
141,https://d12zq4w4guyljn.cloudfront.net/20260423064935_photo2_u1Gbho0o5xhZ.webp,shop,5
142,https://d12zq4w4guyljn.cloudfront.net/20260423064935_photo3_u1Gbho0o5xhZ.webp,shop,5
143,https://d12zq4w4guyljn.cloudfront.net/20260414115012954_photo_a5b30647d0a9.webp,shop,5
144,https://d12zq4w4guyljn.cloudfront.net/20260414115013220_photo_a5b30647d0a9.webp,shop,5
145,https://d12zq4w4guyljn.cloudfront.net/20260216110103762_photo_903ebbd8c1ae.webp,shop,5
146,https://d12zq4w4guyljn.cloudfront.net/20260216110103976_photo_903ebbd8c1ae.webp,shop,5
147,https://d12zq4w4guyljn.cloudfront.net/20260216110104166_photo_903ebbd8c1ae.webp,shop,5
148,https://d12zq4w4guyljn.cloudfront.net/20260216110104393_photo_903ebbd8c1ae.webp,shop,5
149,https://d12zq4w4guyljn.cloudfront.net/20260202025805_photo2_46eadfc7e895.webp,shop,5
150,https://d12zq4w4guyljn.cloudfront.net/20260113011155337_photo_3646453240f4.webp,shop,5
151,https://d12zq4w4guyljn.cloudfront.net/20251216012105_photo1_bf2ff23d110e.webp,shop,5
152,https://d12zq4w4guyljn.cloudfront.net/20260216110103535_photo_903ebbd8c1ae.webp,shop,5
153,https://d12zq4w4guyljn.cloudfront.net/20251216012105_photo4_bf2ff23d110e.webp,shop,5
154,https://d12zq4w4guyljn.cloudfront.net/20250122022512343_photo_4b900ebdddad.webp,shop,5
155,https://d12zq4w4guyljn.cloudfront.net/20240817104439_menu2_0492c375a828.webp,shop,5
156,https://d12zq4w4guyljn.cloudfront.net/20230909014053761_photo_JANokC8Ieqto.webp,shop,5
157,https://d12zq4w4guyljn.cloudfront.net/20230623125603_photo2_eef365dd396c.webp,shop,5
158,https://d12zq4w4guyljn.cloudfront.net/20220406113406063_photo_b0e8db7e70a9.webp,shop,5
159,https://d12zq4w4guyljn.cloudfront.net/20220406113406249_photo_b0e8db7e70a9.webp,shop,5
160,https://d12zq4w4guyljn.cloudfront.net/20220406113406514_photo_b0e8db7e70a9.webp,shop,5
161,https://d12zq4w4guyljn.cloudfront.net/20220406113406742_photo_b0e8db7e70a9.webp,shop,5
162,https://d12zq4w4guyljn.cloudfront.net/20220406113440621_menu_b0e8db7e70a9.webp,shop,5
163,https://d12zq4w4guyljn.cloudfront.net/20200725112113_menu1_v7ueN3fIzBzB.webp,shop,5
164,https://d12zq4w4guyljn.cloudfront.net/20260216110103309_photo_903ebbd8c1ae.webp,shop,5
165,https://d12zq4w4guyljn.cloudfront.net/20260113011155451_photo_3646453240f4.webp,shop,5
166,https://d12zq4w4guyljn.cloudfront.net/20250506085302_photo5_73pMtTnk09f0.webp,shop,5
167,https://d12zq4w4guyljn.cloudfront.net/20250420113437903_photo_665d7fb67660.webp,shop,5
168,https://d12zq4w4guyljn.cloudfront.net/20250415174852_photo1_bec06ee6c4b3.webp,shop,5
169,https://d12zq4w4guyljn.cloudfront.net/20241229100516433_photo_2aa5f510c940.webp,shop,5
170,https://d12zq4w4guyljn.cloudfront.net/20241118183159_photo1_7dcbda0ef524.webp,shop,5
171,https://d12zq4w4guyljn.cloudfront.net/20240226101313034_photo_7e556335c345.webp,shop,5
172,https://d12zq4w4guyljn.cloudfront.net/20240226101132254_menu_7e556335c345.webp,shop,5
173,https://d12zq4w4guyljn.cloudfront.net/20230819233013_photo2_d70fff3810f8.webp,shop,5
174,https://d12zq4w4guyljn.cloudfront.net/20230807104233_photo3_c9e8410461c2.webp,shop,5
175,https://d12zq4w4guyljn.cloudfront.net/20230807104233_photo4_c9e8410461c2.webp,shop,5
176,https://d12zq4w4guyljn.cloudfront.net/20260423064935_menu1_u1Gbho0o5xhZ.webp,shop,5
177,https://d12zq4w4guyljn.cloudfront.net/20260423064935_menu2_u1Gbho0o5xhZ.webp,shop,5
178,https://d12zq4w4guyljn.cloudfront.net/20260414115023119_menu_a5b30647d0a9.webp,shop,5
179,https://d12zq4w4guyljn.cloudfront.net/20260216110115534_menu_903ebbd8c1ae.webp,shop,5
180,https://d12zq4w4guyljn.cloudfront.net/20260202025805_menu1_46eadfc7e895.webp,shop,5
181,https://d12zq4w4guyljn.cloudfront.net/20260113011207748_menu_3646453240f4.webp,shop,5
182,https://d12zq4w4guyljn.cloudfront.net/20251216012105_photo5_bf2ff23d110e.webp,shop,5
183,https://d12zq4w4guyljn.cloudfront.net/20251216012105_photo6_bf2ff23d110e.webp,shop,5
184,https://d12zq4w4guyljn.cloudfront.net/20251216012105_menu1_bf2ff23d110e.webp,shop,5
185,https://d12zq4w4guyljn.cloudfront.net/20251216012105_menu2_bf2ff23d110e.webp,shop,5
186,https://d12zq4w4guyljn.cloudfront.net/20251216012105_menu3_bf2ff23d110e.webp,shop,5
187,https://d12zq4w4guyljn.cloudfront.net/20251204011114_menu1_84640d2ccf9e.webp,shop,5
188,https://d12zq4w4guyljn.cloudfront.net/20251007055457671_photo_63220361b30c.webp,shop,6
189,https://d12zq4w4guyljn.cloudfront.net/20251007055457908_photo_63220361b30c.webp,shop,6
190,https://d12zq4w4guyljn.cloudfront.net/20251007055458126_photo_63220361b30c.webp,shop,6
191,https://d12zq4w4guyljn.cloudfront.net/20251007055458373_photo_63220361b30c.webp,shop,6
192,https://d12zq4w4guyljn.cloudfront.net/20250912113444144_photo_235f7feea9e8.webp,shop,6
193,https://d12zq4w4guyljn.cloudfront.net/20250912113444960_photo_235f7feea9e8.webp,shop,6
194,https://d12zq4w4guyljn.cloudfront.net/20250821012819453_photo_ccc5490f261c.webp,shop,6
195,https://d12zq4w4guyljn.cloudfront.net/20210912005545_photo5_c175137efa0e.webp,shop,6
196,https://d12zq4w4guyljn.cloudfront.net/20210912005545_photo4_c175137efa0e.webp,shop,6
197,https://d12zq4w4guyljn.cloudfront.net/20210912005545_photo3_c175137efa0e.webp,shop,6
198,https://d12zq4w4guyljn.cloudfront.net/20250821123931692_photo_ccc5490f261c.webp,shop,6
199,https://d12zq4w4guyljn.cloudfront.net/20251007055457432_photo_63220361b30c.webp,shop,6
200,https://d12zq4w4guyljn.cloudfront.net/20210912005545_photo1_c175137efa0e.webp,shop,6
201,https://d12zq4w4guyljn.cloudfront.net/20210912005545_photo2_c175137efa0e.webp,shop,6
202,https://d12zq4w4guyljn.cloudfront.net/20251007055412225_menu_63220361b30c.webp,shop,6
203,https://d12zq4w4guyljn.cloudfront.net/20250913120222557_menu_235f7feea9e8.webp,shop,6
204,https://d12zq4w4guyljn.cloudfront.net/20250821123939421_menu_ccc5490f261c.webp,shop,6
205,https://d12zq4w4guyljn.cloudfront.net/20210912005547_menu1_c175137efa0e.webp,shop,6
206,https://d12zq4w4guyljn.cloudfront.net/20250919123327_photo1_e257cf411672.webp,shop,7
207,https://d12zq4w4guyljn.cloudfront.net/20250919123327_photo2_e257cf411672.webp,shop,7
208,https://d12zq4w4guyljn.cloudfront.net/20250729120259039_photo_2af856b81974.webp,shop,7
209,https://d12zq4w4guyljn.cloudfront.net/20250729120259357_photo_2af856b81974.webp,shop,7
210,https://d12zq4w4guyljn.cloudfront.net/20250729120259743_photo_2af856b81974.webp,shop,7
211,https://d12zq4w4guyljn.cloudfront.net/20250729120300151_photo_2af856b81974.webp,shop,7
212,https://d12zq4w4guyljn.cloudfront.net/20230820115508201_photo_tWPMh0i8m0ba.webp,shop,7
213,https://d12zq4w4guyljn.cloudfront.net/20230816085009305_photo_66974a695ce2.webp,shop,7
214,https://d12zq4w4guyljn.cloudfront.net/20230816085009418_photo_66974a695ce2.webp,shop,7
215,https://d12zq4w4guyljn.cloudfront.net/20230723125147536_photo_277d4bf6869c.webp,shop,7
216,https://d12zq4w4guyljn.cloudfront.net/20230723125147055_photo_277d4bf6869c.webp,shop,7
217,https://d12zq4w4guyljn.cloudfront.net/20230723125147686_photo_277d4bf6869c.webp,shop,7
218,https://d12zq4w4guyljn.cloudfront.net/20230723125146349_photo_277d4bf6869c.webp,shop,7
219,https://d12zq4w4guyljn.cloudfront.net/20230723125146509_photo_277d4bf6869c.webp,shop,7
220,https://d12zq4w4guyljn.cloudfront.net/20220606042746718_photo_cbea3dcd0deb.webp,shop,7
221,https://d12zq4w4guyljn.cloudfront.net/20210228091559_photo2_v7ueN3fIzBzB.webp,shop,7
222,https://d12zq4w4guyljn.cloudfront.net/20210228091601_menu2_v7ueN3fIzBzB.webp,shop,7
223,https://d12zq4w4guyljn.cloudfront.net/20200313074810_photo3_63dcc316c40f.webp,shop,7
224,https://d12zq4w4guyljn.cloudfront.net/20200313074813_menu1_63dcc316c40f.webp,shop,7
225,https://d12zq4w4guyljn.cloudfront.net/20180924105034_photo4_AY3vP9Gv91m4.webp,shop,7
226,https://d12zq4w4guyljn.cloudfront.net/20230820115508322_photo_tWPMh0i8m0ba.webp,shop,7
227,https://d12zq4w4guyljn.cloudfront.net/20230723125145674_photo_277d4bf6869c.webp,shop,7
228,https://d12zq4w4guyljn.cloudfront.net/20230723125145864_photo_277d4bf6869c.webp,shop,7
229,https://d12zq4w4guyljn.cloudfront.net/20230723125151034_photo_277d4bf6869c.webp,shop,7
230,https://d12zq4w4guyljn.cloudfront.net/20230723125151209_photo_277d4bf6869c.webp,shop,7
231,https://d12zq4w4guyljn.cloudfront.net/20210228091601_menu1_v7ueN3fIzBzB.webp,shop,7
232,https://d12zq4w4guyljn.cloudfront.net/20180924105034_menu1_AY3vP9Gv91m4.webp,shop,7
233,https://d12zq4w4guyljn.cloudfront.net/20250919123327_photo3_e257cf411672.webp,shop,7
234,https://d12zq4w4guyljn.cloudfront.net/20250919123327_menu1_e257cf411672.webp,shop,7
235,https://d12zq4w4guyljn.cloudfront.net/20250729120313071_menu_2af856b81974.webp,shop,7
236,https://d12zq4w4guyljn.cloudfront.net/20230820115513031_menu_tWPMh0i8m0ba.webp,shop,7
237,https://d12zq4w4guyljn.cloudfront.net/20230816085017882_menu_66974a695ce2.webp,shop,7
238,https://d12zq4w4guyljn.cloudfront.net/20230723125146053_photo_277d4bf6869c.webp,shop,7
239,https://d12zq4w4guyljn.cloudfront.net/20230723125146678_photo_277d4bf6869c.webp,shop,7
240,https://d12zq4w4guyljn.cloudfront.net/20230723125146872_photo_277d4bf6869c.webp,shop,7
241,https://d12zq4w4guyljn.cloudfront.net/20230723125147213_photo_277d4bf6869c.webp,shop,7
242,https://d12zq4w4guyljn.cloudfront.net/20230723125150742_photo_277d4bf6869c.webp,shop,7
243,https://d12zq4w4guyljn.cloudfront.net/20230723125218256_menu_277d4bf6869c.webp,shop,7
244,https://d12zq4w4guyljn.cloudfront.net/20230723125218430_menu_277d4bf6869c.webp,shop,7
245,https://d12zq4w4guyljn.cloudfront.net/20260330090426737_photo_5e0bf9bca473.webp,shop,8
246,https://d12zq4w4guyljn.cloudfront.net/20260330090426980_photo_5e0bf9bca473.webp,shop,8
247,https://d12zq4w4guyljn.cloudfront.net/20260330090427194_photo_5e0bf9bca473.webp,shop,8
248,https://d12zq4w4guyljn.cloudfront.net/20251208091312063_photo_b463c205f609.webp,shop,8
249,https://d12zq4w4guyljn.cloudfront.net/20251208091312309_photo_b463c205f609.webp,shop,8
250,https://d12zq4w4guyljn.cloudfront.net/20251208091312560_photo_b463c205f609.webp,shop,8
251,https://d12zq4w4guyljn.cloudfront.net/20260330090434983_menu_5e0bf9bca473.webp,shop,8
252,https://d12zq4w4guyljn.cloudfront.net/20260330090435224_menu_5e0bf9bca473.webp,shop,8
253,https://d12zq4w4guyljn.cloudfront.net/20260120115116340_photo_16d8dd5e43bf.webp,shop,9
254,https://d12zq4w4guyljn.cloudfront.net/20260120115116528_photo_16d8dd5e43bf.webp,shop,9
255,https://d12zq4w4guyljn.cloudfront.net/20240606093713_photo2_feee51576212.webp,shop,9
256,https://d12zq4w4guyljn.cloudfront.net/20210719140518_photo0_AuH90Y1ddKpe.webp,shop,9
257,https://d12zq4w4guyljn.cloudfront.net/20210719140520_photo1_AuH90Y1ddKpe.webp,shop,9
258,https://d12zq4w4guyljn.cloudfront.net/20260120115116177_photo_16d8dd5e43bf.webp,shop,9
259,https://d12zq4w4guyljn.cloudfront.net/20240606093713_photo5_feee51576212.webp,shop,9
260,https://d12zq4w4guyljn.cloudfront.net/20240606093713_photo6_feee51576212.webp,shop,9
261,https://d12zq4w4guyljn.cloudfront.net/20240606093713_photo7_feee51576212.webp,shop,9
262,https://d12zq4w4guyljn.cloudfront.net/20210716083502_photo3_be536599d76f.webp,shop,9
263,https://d12zq4w4guyljn.cloudfront.net/20210716083502_photo4_be536599d76f.webp,shop,9
264,https://d12zq4w4guyljn.cloudfront.net/20210716083502_photo5_be536599d76f.webp,shop,9
265,https://d12zq4w4guyljn.cloudfront.net/20260120115115855_photo_16d8dd5e43bf.webp,shop,9
266,https://d12zq4w4guyljn.cloudfront.net/20260120115116013_photo_16d8dd5e43bf.webp,shop,9
267,https://d12zq4w4guyljn.cloudfront.net/20240606093713_photo1_feee51576212.webp,shop,9
268,https://d12zq4w4guyljn.cloudfront.net/20240606093713_photo3_feee51576212.webp,shop,9
269,https://d12zq4w4guyljn.cloudfront.net/20240606093713_photo4_feee51576212.webp,shop,9
270,https://d12zq4w4guyljn.cloudfront.net/20210716083502_photo6_be536599d76f.webp,shop,9
271,https://d12zq4w4guyljn.cloudfront.net/20210716083502_photo7_be536599d76f.webp,shop,9
272,https://d12zq4w4guyljn.cloudfront.net/20210716083502_photo8_be536599d76f.webp,shop,9
273,https://d12zq4w4guyljn.cloudfront.net/20210716083502_photo9_be536599d76f.webp,shop,9
274,https://d12zq4w4guyljn.cloudfront.net/20210716083502_photo10_be536599d76f.webp,shop,9
275,https://d12zq4w4guyljn.cloudfront.net/20260120115129636_menu_16d8dd5e43bf.webp,shop,9
276,https://d12zq4w4guyljn.cloudfront.net/20210716083504_menu1_be536599d76f.webp,shop,9
277,https://d12zq4w4guyljn.cloudfront.net/20250908105158_photo2_0eec5fbc4205.webp,shop,10
278,https://d12zq4w4guyljn.cloudfront.net/20240425092946393_photo_0f10d9fad873.webp,shop,10
279,https://d12zq4w4guyljn.cloudfront.net/20240425092946036_photo_0f10d9fad873.webp,shop,10
280,https://d12zq4w4guyljn.cloudfront.net/20230915062955_photo1_1fe7bb57a5be.webp,shop,10
281,https://d12zq4w4guyljn.cloudfront.net/20230915062955_photo2_1fe7bb57a5be.webp,shop,10
282,https://d12zq4w4guyljn.cloudfront.net/20220624075624_photo1_a8b3c11c2942.webp,shop,10
283,https://d12zq4w4guyljn.cloudfront.net/20220624075624_photo2_a8b3c11c2942.webp,shop,10
284,https://d12zq4w4guyljn.cloudfront.net/20220624075624_photo3_a8b3c11c2942.webp,shop,10
285,https://d12zq4w4guyljn.cloudfront.net/20220123013953_photo1_4c12e734f0e8.webp,shop,10
286,https://d12zq4w4guyljn.cloudfront.net/20220123013953_photo2_4c12e734f0e8.webp,shop,10
287,https://d12zq4w4guyljn.cloudfront.net/20200529045416_photo1_wrTPSEpv4a0k.webp,shop,10
288,https://d12zq4w4guyljn.cloudfront.net/20200529045416_photo2_wrTPSEpv4a0k.webp,shop,10
289,https://d12zq4w4guyljn.cloudfront.net/20250908105158_photo1_0eec5fbc4205.webp,shop,10
290,https://d12zq4w4guyljn.cloudfront.net/20220123013953_photo3_4c12e734f0e8.webp,shop,10
291,https://d12zq4w4guyljn.cloudfront.net/20200529045416_photo3_wrTPSEpv4a0k.webp,shop,10
292,https://d12zq4w4guyljn.cloudfront.net/20200529045416_photo4_wrTPSEpv4a0k.webp,shop,10
293,https://d12zq4w4guyljn.cloudfront.net/20200529045416_photo5_wrTPSEpv4a0k.webp,shop,10
294,https://d12zq4w4guyljn.cloudfront.net/20200529045416_photo6_wrTPSEpv4a0k.webp,shop,10
295,https://d12zq4w4guyljn.cloudfront.net/20250908105158_menu1_0eec5fbc4205.webp,shop,10
296,https://d12zq4w4guyljn.cloudfront.net/20240425093008799_menu_0f10d9fad873.webp,shop,10
297,https://d12zq4w4guyljn.cloudfront.net/20220123013956_menu1_4c12e734f0e8.webp,shop,10
298,https://d12zq4w4guyljn.cloudfront.net/20200529045420_menu1_wrTPSEpv4a0k.webp,shop,10
