store_name,store_address,category_cd,rating
진심담은 된장찌개 진된장 가산본점,벚꽃로36길 30 제씨118호 지번,FC01,4.6
순남시래기 가산역점,가산디지털1로 186 제이플라츠 A동 지하1층 지번,FC01,4.6
가마솥 서울깍두기,가산디지털1로 186 지번,FC01,3.7
사월에보리밥과쭈꾸미 현대아울렛 가산점,디지털로10길 9 지상7층 지번,FC01,2.7
맨날먹는 김치찌개 가산 DK점,"서울 금천구 가산디지털2로 144 107호, 108호 지번",FC01,4.5
모시네,가산디지털2로 142-12 지번,FC01,4.4
북창동순두부 가산현대아울렛점,디지털로10길 9 지상6층 지번,FC01,5.0
오늘된장 가산점,가산디지털1로 171 1층 124-1호 지번,FC01,3.5
소공동뚝배기,가산디지털1로 168 우림라이온스밸리 지번,FC01,4.3
백채김치찌개 독산시티렉스점,시흥대로 399 1층 113호 백채김치찌개 지번,FC01,4.4
항아리식당,시흥대로76길 9 지번,FC01,5.0
육미정담,독산로 135 지번,FC01,5.0
서울돼지불백갈비막국수,시흥대로63길 3 지상1층 지번,FC01,4.7
북창동순두부 독산점,시흥대로123길 14 지번,FC01,4.3
이선생짜글이 가산점,가산디지털1로 181 가산W센터 207호 지번,FC01,4.0
김치도가 독산역점,가산디지털1로 2 우림라이온스벨리 2차 1층 115~116호 지번,FC01,3.7
함경도식당,시흥대로50길 34 지번,FC01,5.0
정백어가 가산퍼블릭점,디지털로 178 A동 1층 엠128호 지번,FC01,3.4
한옥마을 전주비빔밥 가산점,서부샛길 606 A동 지하1층 107-2호 지번,FC01,4.5
본가찌개마을 가산본점,서울 금천구 가산디지털1로 219 111호 지번,FC01,4.4
신선도,"디지털로9길 32 지하 102호, 103호 지번",FC02,5.0
민소푸,가산디지털2로 166 1층 지번,FC02,4.6
스시이찌 가산점,"가산디지털1로 204 가산역반도아이비밸리 1층 114호, 115호 지번",FC02,4.8
고조,가산디지털2로 101 B동 2층 202호 지번,FC02,4.8
고칸 대륭포스트5차점,디지털로9길 68 1층 108호 지번,FC02,4.5
히나타,가산디지털1로 16 107-1R호 지번,FC02,4.7
명서쿠 가산디지털단지직영점,가산디지털1로 204 109호 110호 지번,FC02,3.3
4월의오또상,가산디지털1로 204 반도아이비밸리 1층 119호 지번,FC02,3.8
오키소바,가산디지털1로 128 b129호 지번,FC02,3.0
호랑이초밥 가산디지털단지점,가산디지털1로 186 제이플라츠 지하1층 118-2호 지번,FC02,4.8
갓포소,가산디지털2로 144 현대테라타워가산DK 1층 106호 지번,FC02,3.8
요미우돈교자 퍼블릭가산점,디지털로 178 가산퍼블릭 B동 1층 M-130호 지번,FC02,4.4
코코로식당,벚꽃로38길 32-25 2층 지번,FC02,4.0
텐마루,디지털로12길 21 2층 지번,FC02,4.1
스시히또,벚꽃로 286 리더스타워 지하1층 114호 지번,FC02,3.8
요시카츠,벚꽃로 266 지번,FC02,3.1
준스시,가산디지털2로 165 1층 준스시 지번,FC02,3.9
미미초밥 금천점,시흥대로 192 지번,FC02,5.0
코미오,가산디지털2로 142-13 1층 지번,FC02,4.2
스시쥬베이,가산로 147 지번,FC02,4.9
동흥관,시흥대로63길 20 지번,FC03,3.9
카오룽,시흥대로 291 2층 215호 지번,FC03,4.6
예원 가산점,가산디지털1로 145 에이스하이엔드타워3차 203호 지번,FC03,4.3
보배반점 가산점,가산디지털2로 123 103호 지번,FC03,4.1
호랭이반점 가산디지털단지역점,가산디지털1로 165 가산비지니스센터 105호 지번,FC03,4.4
황실왕짬뽕,가산디지털2로 108 1층 111호 지번,FC03,4.6
빠오즈푸 가산점,벚꽃로 298 대륭포스트타워6차 지하1층 139호 지번,FC03,4.1
니뽕내뽕 현대아울렛가산점,디지털로10길 9 현대시티아울렛 6층 지번,FC03,4.6
중화요리 연,가산디지털1로 225 1층 116호 지번,FC03,4.0
고구려짬뽕10101,시흥대로52길 7 지번,FC03,4.9
비스트로딤섬,시흥대로 291 1층 171호 지번,FC03,4.6
백스키친,가마산로 96 지번,FC03,3.0
실라칸스 마리오아울렛점,디지털로9길 23 마리오아울렛 3관 13층 실라칸스 지번,FC03,4.1
김사부 샤브샤브,가산로 132 지번,FC03,4.3
만다린,가산디지털1로 186 제이플라츠 B121 만다린 지번,FC03,4.2
조선짬뽕,독산로 85 지번,FC03,4.8
황금룡,디지털로9길 68 비122호 비121호 지번,FC03,5.0
실크로드,가산로 147-5 지번,FC03,3.3
칭따오,범안로 1130 디지털엠파이어206호 지번,FC03,4.4
짬뽕의 제왕,가산디지털2로 101 한라원앤원타워 2층 215호 지번,FC03,5.0
믹스토랑 금천구청점,시흥대로79길 15 리솜메디라이프 1층 106호~108호 지번,FC04,4.4
영향,남부순환로108길 7 1층 지번,FC04,4.4
벨 구스토,시흥대로 315 롯데캐슬골드파크타워960 201호 지번,FC04,4.9
매드포갈릭,디지털로10길 9 현대시티아울렛 8층 지번,FC04,3.5
파슷타애요 독산점,시흥대로88가길 39 1층 지번,FC04,4.0
더제이케이키친박스 가산디지털점,가산디지털1로 145 에이스하이엔드타워3 1층 111호 지번,FC04,4.4
포타제,디지털로9길 68 1F (대륭포스트타워 5차) 지번,FC04,3.3
롱블랙스푼,가산디지털1로 131 BYC하이시티 B동 2층 지번,FC04,3.1
미들루프,시흥대로123길 66 1층 지번,FC04,5.0
세라즈피자펍,가산디지털1로 168 A동 2층 222호 지번,FC04,4.2
오비스트로,시흥대로63길 11 1층 지번,FC04,5.0
마피아피자앤펍,가산디지털1로 168 우림 라이온스밸리A동 지하1층 B106-1호 지번,FC04,3.7
무드무드,탑골로4길 58 지번,FC04,5.0
애슐리퀸즈 가산퍼블릭점,디지털로 178 A동 B1층 지번,FC04,4.2
플러버,시흥대로 291 롯데캐슬골드파크3차 WEST동 208호 지번,FC04,3.9
미태리 가산한라원앤원점,가산디지털2로 101 1층 126호 지번,FC04,4.0
백만그릇파스타,디지털로 207 2층 지번,FC04,5.0
피자EPP 구로가산점,가산로9길 12-8 1동 111호 지번,FC04,4.7
한남동 파스타,시흥대로128길 10 지상1층(독산동) 지번,FC04,5.0
인크커피 가산점,가산디지털2로 127-20 지번,FC05,4.1
우지커피 독산시티렉스점,시흥대로 399 지상1층 103호 지번,FC05,4.9
아로케,디지털로 121 1층 105호 AROKE 지번,FC05,4.9
카페 스미다,벚꽃로 298 대륭포스트타워6차 B143호 지번,FC05,4.3
커피사피엔스 가산 한라원앤원점,가산디지털2로 101 1층 119호 지번,FC05,4.5
메종크로키,범안로 1130 1층 106-1호~3호 지번,FC05,4.3
그레이핍플 가산디지털단지점,가산디지털1로 181 가산W센터 104호 지번,FC05,5.0
애월빵공장 가산점,디지털로10길 37 지번,FC05,4.2
블루샥 가산DK점,가산디지털2로 144 현대테라타워 가산DK 103호 지번,FC05,4.8
카페 구움,시흥대로 315 2층 212호 (롯데마트건물아닙니다) 지번,FC05,4.7
5TO7&구욱희씨 가산점,디지털로 178 가산퍼블릭 1층 M-111호 지번,FC05,4.5
애퍼블,시흥대로123길 30 1층 애퍼블 지번,FC05,4.7
온초점,남부순환로124길 17 1층 101호 지번,FC05,4.7
카페인잇 현대시티아울렛 가산점,디지털로10길 9 현대시티아울렛가산점 7층 지번,FC05,4.7
킴스델리마켓 가산퍼블릭점,디지털로 178 M-132호 지번,FC05,4.7
더빈마켓,"시흥대로 343 1층, 2층 지번",FC05,5.0
데미안,시흥대로 291 310동 142호 지번,FC05,4.6
힛더스팟 베이커리 에이트,가산로 145 1층 101호 지번,FC05,4.6
원두서점,서부샛길 578 1층(가산동) 지번,FC05,5.0
커피사피엔스 가산어반워크점,가산디지털2로 135 1동 102호 지번,FC05,4.3
잔,시흥대로52길 38 지번,FC06,4.6
상신상회,시흥대로56길 22 102호 지번,FC06,5.0
View,시흥대로52길 24 1층 지번,FC06,0.3
줄까말까 퓨전포차,범안로 1130 103호 지번,FC06,1.0
파티엘하우스,디지털로 173 엘리시아지식센터 3층 지번,FC06,1.0
