주소,위도,경도
강원도 양구군 남면 국토정중앙로 42,380750234467634,128023692037924
강원도 양구군 남면 국토정중앙로 6,380776117804933,128022283793262
강원도 양양군 서면 설악로 2073-33,380603286791573,128560511967604
강원도 양양군 손양면 상운길 44-33,380408301222979,128686964561921
강원도 영월군 영월읍 서부시장길 15-13,371832203601911,128466512276103
강원도 영월군 영월읍 중리1길 107,371820523638647,128481959753362
강원도 영월군 주천면 도천길 3,372701486759136,128266942910066
강원도 원주시 소초면 하황골길 45-19,37367834761562,12799754679222
강원도 인제군 남면 빙어마을길 28,379997894732005,128114570051607
강원도 인제군 북면 갈골로2길 21-1,381238060174032,128220614265496
강원도 정선군 여량면 아우라지길 18,37472196953174,128724544399315
강원도 정선군 여량면 여량3길 79,374732640504481,128726272940002
강원도 철원군 갈말읍 내대1길 29-10,382014994612833,127298163580709
강원도 철원군 갈말읍 군탄로 41,"위도: 381492465501663
경도: 127305460808223",
강원도 철원군 김화읍 금강산로 2012,"위도: 383007671044198
경도: 127357817178779",
강원도 철원군 동송읍 금학로 31-10,"위도: 381929459368273
경도: 127226680723386",
강원도 철원군 동송읍 금학로229번길 6-8,"위도: 382090557938914
경도: 127216895173214",
강원도 철원군 철원읍 대마1길 34-60,"위도: 382653171749785
경도: 127164840917448",
강원도 춘천시 신북읍 율문길107-1,"위도: 379249836365371
경도: 127749665415228",
강원도 평창군 봉평면 장촌길 3,"위도: 376130261551591
경도: 128378883237725",
강원도 홍천군 동면 사락골길 24-2,"위도: 37673983583748
경도: 127944212644855",
강원도 홍천군 화촌면 굴운로75번길 20-5,"위도: 37736053123105
경도: 127950275122256",
강원도 화천군 사내면 수피평로 32-1,"—
—
—",
강원도 화천군 상서면 구둔지길 59,"위도: 381148933076515
경도: 127681483431947",
강원도 화천군 화천읍 가손이길 43,"위도: 381005920454337
경도: 127725534546471",
강원도 횡성군 안흥면 주천강로안흥2길 19-10,"위도: 374017358501883
경도: 128148461840545",
강원도 횡성군 우천면 한우로우항7길 12,"위도: 374513891930062
경도: 128074353138647",
충청북도 괴산군 괴산읍 괴강로느티울길 32,"위도: 36803062670508
경도: 127820440677476",
충청북도 괴산군 괴산읍 괴강로느티울길 8-2,"위도: 368051510045396
경도: 127819241431928",
충청북도 단양군 단양읍 고수동굴길 3-11,"위도: 369876051521303
경도: 128381730882986",
충청북도 단양군 단양읍 도전5길 25 1층,"위도: 369820053245493
경도: 128369911015928",
충청북도 보은군 보은읍 성족2길 41,"위도: 365118482847658
경도: 127757141768111",
충청북도 영동군 상촌면 민주지산로 3013,"위도: 361484108277714
경도: 127914421051363",
충청북도 영동군 영동읍 회동로1길 8,"위도: 361697841879943
경도: 127807858422756",
충청북도 영동군 용산면 용산로1길 24,"
위도: 362575086758345
경도: 127831483848738",
충청북도 옥천군 군북면 소정2길 6-1,"
위도: 363554151802349
경도: 127596386166299",
충청북도 옥천군 옥천읍 향수1길 19-23,"
위도: 363128746133107
경도: 127579863470952",
충청북도 음성군 금왕읍 음성로 1197,"
위도: 369958816781329
경도: 127598443175514",
충청북도 음성군 금왕읍 초금로 740,"
위도: 369779862043812
경도: 127563880296711",
충청북도 음성군 읍성읍 용광로 28,"—
—
—
위도 경도 변환기",
충청북도 제천시 봉양읍 용두대로34길 26,"
위도: 371597026769079
경도: 128163036446201",
충청북도 제천시 중말2길 21,"
위도: 371295570655672
경도: 128249755560739",
충청북도 제천시 중말8길 22,"
위도: 371304999747133
경도: 128254403256627",
충청북도 진천군 진천읍 백사천길 41,"
위도: 368605499142279
경도: 127444282362261",
충청북도 진천군 초평면 금오길 55,"
위도: 368093204740207
경도: 127510738740995",
충청북도 청원군 오창읍 구룡택지로 17,"
위도: 367094086066031
경도: 12741315909587",
충청북도 청주시 상당구 성내로118번길 1,"
위도: 366635173404286
경도: 12754235907547",
충청북도 청주시 상당구 직지대로 817,"—
—
—",
충청북도 청주시 서원구 남이면 남이외천길 21,"
위도: 365528842331988
경도: 127429724727491",
충청북도 청주시 서원구 용평로113번길 23,"
위도: 366050748706631
경도: 127488306969194",
충청북도 청주시 청원구 내수읍 미원초정로 1302,"
위도: 367160930132841
경도: 1276033549159",
충청북도 청주시 청원구 오창읍 성산2길 20,"
위도: 367414178152045
경도: 127424707457758",
충청북도 충주시 금가면 경촌1길 2,"
위도: 370431214089605
경도: 127926540755447",
충청북도 충주시 노은면 연화2길 10,"
위도: 370450944297049
경도: 127762759417369",
충청북도 충주시 산척면 동산로 676,"
위도: 370778182292316
경도: 127960440092099",
충청북도 충주시 엄정면 새동네1길 7-24,"
위도: 370798628870398
경도: 127892656901374",
대전광역시 동구 백룡로75-43,"
위도: 363341901980187
경도: 127455251365759",
대전광역시 서구 문정로 40번길 64,"
위도: 363436627999183
경도: 127383446015384",
대전광역시 유성구 궁동로번길 14,"—
—
—",
대전과역시 중구 태평로 116,"—
—
—",
세종특별자치시 금남면 초정길 37,"
위도: 36482155255995
경도: 127338048308581",
세종특별자치시 금남면 초정길 69,"
위도: 364834069810176
경도: 127338677221188",
충청남도 계룡시 엄사면 배울길 97,"
위도: 362595113407446
경도: 127211481979792",
충청남도 금산군 추부면 상마전길 9-3,"
위도: 361924412073282
경도: 12746653241602",
충청남도 논산시 가야곡면 산노1길 89-21,"
위도: 361701415559303
경도: 127179879413423",
충청남도 논산시 관촉로31번길 36-1,"
위도: 36191816224433
경도: 127113406265243",
충청남도 논산시 부적면 신풍길 84-15,"
위도: 361812881722272
경도: 127177855024809",
충청남도 논산시 중앙로 398번길 7-7,"
위도: 362004716527914
경도: 127089242949034",
충청남도 당진시 고대면 항곡로 321,"
위도: 369155049913623
경도: 126605737344517",
충청남도 보령시 주교면 연지리길 334,"
위도: 363913271620378
경도: 126562854362149",
충청남도 보령시 천북면 홍보로 666,"
위도: 364959725707747
경도: 126523419477532",
충청남도 보령시 청라면 냉풍욕장길 6,"
위도: 363882125742472
경도: 12665670715787",
충청남도 부여군 부여읍 나루터로62번길 20,"
위도: 362892110199256
경도: 126908827389564",
충청남도 서산시 대산읍 삼길포1로 165-1,"
위도: 370069537762121
경도: 126442801392979",
충청남도 서천군 서면 신월길 10,"
위도: 361525750349619
경도: 126551192886625",
충청남도 서천군 한산면 한산모시길 46,"
위도: 36085618102106
경도: 126803243242039",
충청남도 아산시 신창면 신정호길 266,"
위도: 367615096306387
경도: 126966909100761",
충청남도 청양군 대치면 사수터길 115-8,"충남 청양군 대치면 사수터길 115-8
363936861755956
126858768667977
📋 전체복사 363936861755956,126858768667977
충남 청양군 대치면 사수터길 115-8
위도: 363936861755956
경도: 126858768667977",
충청남도 청양군 비봉면 은골길 1,"충남 청양군 비봉면 은골길 1
365185808009761
126786492875787
📋 전체복사 365185808009761,126786492875787
충남 청양군 비봉면 은골길 1
위도: 365185808009761
경도: 126786492875787",
충청남도 태안군 소원면 파도길 63-6,"충남 태안군 소원면 파도길 63-6
367381740989269
126133841253064
📋 전체복사 367381740989269,126133841253064
충남 태안군 소원면 파도길 63-6
위도: 367381740989269
경도: 126133841253064",
충청남도 태안군 안면읍 등마루1길 125,"충남 태안군 안면읍 등마루1길 125
365974778041723
126337224370659
📋 전체복사 365974778041723,126337224370659
충남 태안군 안면읍 등마루1길 125
위도: 365974778041723
경도: 126337224370659",
충청남도 태안군 이원면 원이로 1559,"충남 태안군 이원면 원이로 1559
368711503480315
126280924928424
📋 전체복사 368711503480315,126280924928424
충남 태안군 이원면 원이로 1559
위도: 368711503480315
경도: 126280924928424",
충청남도 홍성군 갈산면 갈산로150번길 10,"충남 홍성군 갈산면 갈산로150번길 10
36600842937005
126554683680898
📋 전체복사 36600842937005,126554683680898
충남 홍성군 갈산면 갈산로150번길 10
위도: 36600842937005
경도: 126554683680898",
충청남도 홍성군 광천읍 광천로273번길 19,"충남 홍성군 광천읍 광천로273번길 19
364994041168817
126623846452173
📋 전체복사 364994041168817,126623846452173
충남 홍성군 광천읍 광천로273번길 19
위도: 364994041168817
경도: 126623846452173",
충청남도 홍성군 서부면 서부서길418번길 49,"충남 홍성군 서부면 서부서길418번길 49
365906295750614
126457444256625
📋 전체복사 365906295750614,126457444256625
충남 홍성군 서부면 서부서길418번길 49
위도: 365906295750614
경도: 126457444256625",
충청남도 홍성군 홍북면 이응노로 255,"충남 홍성군 홍북읍 이응노로 255
366318905112253
126647828461501
📋 전체복사 366318905112253,126647828461501
충남 홍성군 홍북읍 이응노로 255
위도: 366318905112253
경도: 126647828461501",
충청남도 홍성군 홍북읍 애향4길 21,"충남 홍성군 홍북읍 애향4길 21
366584863294751
126684721017466
📋 전체복사 366584863294751,126684721017466
충남 홍성군 홍북읍 애향4길 21
위도: 366584863294751
경도: 126684721017466",
충청남도 홍성군 홍성읍 조양로120번길 17,"충남 홍성군 홍성읍 조양로120번길 17
366014313739545
12666318726057
📋 전체복사 366014313739545,12666318726057
충남 홍성군 홍성읍 조양로120번길 17
위도: 366014313739545
경도: 12666318726057",
전라북도 고창군 상하면 구시포해변길 135,"전북특별자치도 고창군 상하면 구시포해변길 135
354460756599552
126443907430313
📋 전체복사 354460756599552,126443907430313
전북특별자치도 고창군 상하면 구시포해변길 135
위도: 354460756599552
경도: 126443907430313",
전라북도 고창군 아산면 선운대로 2781,"전북특별자치도 고창군 아산면 선운대로 2781
355077614853875
126605478442911
📋 전체복사 355077614853875,126605478442911
전북특별자치도 고창군 아산면 선운대로 2781
위도: 355077614853875
경도: 126605478442911",
전라북도 김제시 백산면 하정2길 221,"전북특별자치도 김제시 백산면 하정2길 221
358410597331241
126894297456855
📋 전체복사 358410597331241,126894297456855
전북특별자치도 김제시 백산면 하정2길 221
위도: 358410597331241
경도: 126894297456855",
전라북도 김제시 진봉면 가실5길 82,"전북특별자치도 김제시 진봉면 가실5길 82
35839755400884
12680040068104
📋 전체복사 35839755400884,12680040068104
전북특별자치도 김제시 진봉면 가실5길 82
위도: 35839755400884
경도: 12680040068104",
전라북도 남원시 천거길 9,"전북특별자치도 남원시 천거길 9
354004101546184
127375335015311
📋 전체복사 354004101546184,127375335015311
전북특별자치도 남원시 천거길 9
위도: 354004101546184
경도: 127375335015311",
전라북도 부안군 동진면 청운길 6-1,"전북특별자치도 부안군 동진면 청운길 6-1
357478886024815
126770922939932
📋 전체복사 357478886024815,126770922939932
전북특별자치도 부안군 동진면 청운길 6-1
위도: 357478886024815
경도: 126770922939932",
전라북도 부안군 줄포면 줄포6길 1,"전북특별자치도 부안군 줄포면 줄포6길 1
355920248043558
126677549526107
📋 전체복사 355920248043558,126677549526107
전북특별자치도 부안군 줄포면 줄포6길 1
위도: 355920248043558
경도: 126677549526107",
전라북도 부안군 줄포면 줄포길 67,"전북특별자치도 부안군 줄포면 줄포길 67
355940340475539
126677851651168
📋 전체복사 355940340475539,126677851651168
전북특별자치도 부안군 줄포면 줄포길 67
위도: 355940340475539
경도: 126677851651168",
전라북도 순창군 금과면 방축1길 7-1,"전북특별자치도 순창군 금과면 방축1길 7-1
353505367276961
127071782550318
📋 전체복사 353505367276961,127071782550318
전북특별자치도 순창군 금과면 방축1길 7-1
위도: 353505367276961
경도: 127071782550318",
전라북도 완주군 비봉면 천호로 554,"전북특별자치도 완주군 비봉면 천호로 554
359960480803329
127138410527622
📋 전체복사 359960480803329,127138410527622
전북특별자치도 완주군 비봉면 천호로 554
위도: 359960480803329
경도: 127138410527622",
전라북도 완주군 용진면 구억명덕로 11,"전북특별자치도 완주군 용진읍 구억명덕로 11
358758817238822
12715832071577
📋 전체복사 358758817238822,12715832071577
전북특별자치도 완주군 용진읍 구억명덕로 11
위도: 358758817238822
경도: 12715832071577",
전라북도 완주군 용진읍 순지1길 5,"전북특별자치도 완주군 용진읍 순지1길 5
35938727367102
127174506948798
📋 전체복사 35938727367102,127174506948798
전북특별자치도 완주군 용진읍 순지1길 5
위도: 35938727367102
경도: 127174506948798",
전라북도 완주군 운주면 장선로 125,"전북특별자치도 완주군 운주면 장선로 125
360928866642943
127277131353906
📋 전체복사 360928866642943,127277131353906
전북특별자치도 완주군 운주면 장선로 125
위도: 360928866642943
경도: 127277131353906",
전라북도 익산시 현영길 40-28,"전북특별자치도 익산시 현영길 40-28
359641025230126
126936484902884
📋 전체복사 359641025230126,126936484902884
전북특별자치도 익산시 현영길 40-28
위도: 359641025230126
경도: 126936484902884",
전라북도 임실군 임실읍 봉황8길 8,"전북특별자치도 임실군 임실읍 봉황8길 8
356147538821357
127281519637267
📋 전체복사 356147538821357,127281519637267
전북특별자치도 임실군 임실읍 봉황8길 8
위도: 356147538821357
경도: 127281519637267",
전라북도 장수군 계북면 양악리 3-1,"전북특별자치도 장수군 계북면 양악리 3-1
358017634817977
127657459714821
📋 전체복사 358017634817977,127657459714821
전북특별자치도 장수군 계북면 양악리 3-1
위도: 358017634817977
경도: 127657459714821",
전라북도 전주시 덕진구 호성2길 7-8,"전북특별자치도 전주시 덕진구 호성2길 7-8
358592175789957
127153163119619
📋 전체복사 358592175789957,127153163119619
전북특별자치도 전주시 덕진구 호성2길 7-8
위도: 358592175789957
경도: 127153163119619",
전라북도 전주시 완산구 문화광장로 18,"전북특별자치도 전주시 완산구 문화광장로 18
358223510540406
127146131649676
📋 전체복사 358223510540406,127146131649676
전북특별자치도 전주시 완산구 문화광장로 18
위도: 358223510540406
경도: 127146131649676",
전라북도 전주시 완산구 문화광장로 29,"전북특별자치도 전주시 완산구 문화광장로 29
358233008082232
127146643989286
📋 전체복사 358233008082232,127146643989286
전북특별자치도 전주시 완산구 문화광장로 29
위도: 358233008082232
경도: 127146643989286",
전라북도 전주시 완산구 소태정3길 5-4,"전북특별자치도 전주시 완산구 소태정3길 5-4
358034595150658
127100458370304
📋 전체복사 358034595150658,127100458370304
전북특별자치도 전주시 완산구 소태정3길 5-4
위도: 358034595150658
경도: 127100458370304",
전라북도 전주시 완산구 장자길 67,"전북특별자치도 전주시 완산구 장자길 67
357769862004495
127102394270375
📋 전체복사 357769862004495,127102394270375
전북특별자치도 전주시 완산구 장자길 67
위도: 357769862004495
경도: 127102394270375",
전라북도 정읍시 송산1길 25,"전북특별자치도 정읍시 송산1길 25
355531158355206
126866404690975
📋 전체복사 355531158355206,126866404690975
전북특별자치도 정읍시 송산1길 25
위도: 355531158355206
경도: 126866404690975",
전라북도 정읍시 태인면 수학정석길 3,"전북특별자치도 정읍시 태인면 수학정석길 3
356517566702148
126942970630912
📋 전체복사 356517566702148,126942970630912
전북특별자치도 정읍시 태인면 수학정석길 3
위도: 356517566702148
경도: 126942970630912",
전라북도 정읍시 태인면 태인로 29-3,"전북특별자치도 정읍시 태인면 태인로 29-3
356519013927466
126941976913703
📋 전체복사 356519013927466,126941976913703
전북특별자치도 정읍시 태인면 태인로 29-3
위도: 356519013927466
경도: 126941976913703",
전라북도 진안군 정천면 석원로 151,"전북특별자치도 진안군 정천면 석원로 151
358579205376494
127435708155236
📋 전체복사 358579205376494,127435708155236
전북특별자치도 진안군 정천면 석원로 151
위도: 358579205376494
경도: 127435708155236",
광주광역시 북구 용주로 30번길 94,"광주 북구 용주로30번길 94
351819518333999
126904543028215
📋 전체복사 351819518333999,126904543028215
광주 북구 용주로30번길 94
위도: 351819518333999
경도: 126904543028215",
광주광역시 서구 풍금로177번길 9,"광주 서구 풍금로177번길 9
351315261044233
126858397489601
📋 전체복사 351315261044233,126858397489601
광주 서구 풍금로177번길 9
위도: 351315261044233
경도: 126858397489601",
전라남도 강진군 마량면 미항로 139-1,"전남 강진군 마량면 미항로 139-1
344498376279672
126817479321111
📋 전체복사 344498376279672,126817479321111
전남 강진군 마량면 미항로 139-1
위도: 344498376279672
경도: 126817479321111",
전라남도 강진군 마량면 미항로 173-1,"전남 강진군 마량면 미항로 173-1
344491221745213
126820980489286
📋 전체복사 344491221745213,126820980489286
전남 강진군 마량면 미항로 173-1
위도: 344491221745213
경도: 126820980489286",
전라남도 고흥군 두원면 고흥로 2805-23,"전남 고흥군 두원면 고흥로 2805-23
346314782856761
127297087639958
📋 전체복사 346314782856761,127297087639958
전남 고흥군 두원면 고흥로 2805-23
위도: 346314782856761
경도: 127297087639958",
전라남도 곡성군 곡성읍 읍내리 218,"전남 곡성군 곡성읍 읍내리 218
352791463228509
127298034116269
📋 전체복사 352791463228509,127298034116269
전남 곡성군 곡성읍 읍내리 218
위도: 352791463228509
경도: 127298034116269",
전라남도 곡성군 곡성읍 읍내17길 11,"전남 곡성군 곡성읍 읍내17길 11
35281817885443
127293537586268
📋 전체복사 35281817885443,127293537586268
전남 곡성군 곡성읍 읍내17길 11
위도: 35281817885443
경도: 127293537586268",
전라남도 곡성군 곡성읍 학정1길 9-21,"전남 곡성군 곡성읍 학정1길 9-21
352903388984181
127284924463167
📋 전체복사 352903388984181,127284924463167
전남 곡성군 곡성읍 학정1길 9-21
위도: 352903388984181
경도: 127284924463167",
전라남도 광양시 광양읍 와룡1길 10,"전남 광양시 광양읍 와룡1길 10
349715053371289
127609580439811
📋 전체복사 349715053371289,127609580439811
전남 광양시 광양읍 와룡1길 10
위도: 349715053371289
경도: 127609580439811",
전라남도 광양시 옥곡면 명주로 2,"전남 광양시 옥곡면 명주로 2
349934805408035
127700690974122
📋 전체복사 349934805408035,127700690974122
전남 광양시 옥곡면 명주로 2
위도: 349934805408035
경도: 127700690974122",
전라남도 광양시 옥룡면 상산길 15,"전남 광양시 옥룡면 상산길 15
350435718691079
127592166004762
📋 전체복사 350435718691079,127592166004762
전남 광양시 옥룡면 상산길 15
위도: 350435718691079
경도: 127592166004762",
전라남도 광영시 중마로 273,"—
—
—",
전라남도 광양시 행정1길 6-5,"전남 광양시 행정1길 6-5
349419574735896
127694122031615
📋 전체복사 349419574735896,127694122031615
전남 광양시 행정1길 6-5
위도: 349419574735896
경도: 127694122031615",
전라남도 구례군 구례읍 까막정길 51-8 50,"—
—
—",
전라남도 구례군 산동면 당골길 86-31,"전남 구례군 산동면 당골길 86-31
353142124626713
127487091140332
📋 전체복사 353142124626713,127487091140332
전남 구례군 산동면 당골길 86-31
위도: 353142124626713
경도: 127487091140332",
전라남도 나주시 다도면 나주호로 162,"전남 나주시 다도면 나주호로 162
349636556959611
126841158881106
📋 전체복사 349636556959611,126841158881106
전남 나주시 다도면 나주호로 162
위도: 349636556959611
경도: 126841158881106",
전라남도 목포시 복산길12번길 5,"전남 목포시 복산길12번길 5
348039229360731
126436695653461
📋 전체복사 348039229360731,126436695653461
전남 목포시 복산길12번길 5
위도: 348039229360731
경도: 126436695653461",
전라남도 목포시 송림로40번길 22,"전남 목포시 송림로40번길 22
348069329443313
126400192397714
📋 전체복사 348069329443313,126400192397714
전남 목포시 송림로40번길 22
위도: 348069329443313
경도: 126400192397714",
전라남도 목포시 신흥로 98,"전남 목포시 신흥로 98
348054315767686
126430684971817
📋 전체복사 348054315767686,126430684971817
전남 목포시 신흥로 98
위도: 348054315767686
경도: 126430684971817",
전라남도 무안군 망운면 망운로 13,"전남 무안군 망운면 망운로 13
350134453096896
126391658785134
📋 전체복사 350134453096896,126391658785134
전남 무안군 망운면 망운로 13
위도: 350134453096896
경도: 126391658785134",
전라남도 무안군 망운면 조산길 2,"전남 무안군 망운면 조산길 2
350114829280126
126391978211352
📋 전체복사 350114829280126,126391978211352
전남 무안군 망운면 조산길 2
위도: 350114829280126
경도: 126391978211352",
전라남도 무안군 삼향읍 중등포길 35-37,"전남 무안군 삼향읍 중등포길 35-37
348447949205811
126428842445995
📋 전체복사 348447949205811,126428842445995
전남 무안군 삼향읍 중등포길 35-37
위도: 348447949205811
경도: 126428842445995",
전라남도 무안군 청계면 도대로 125-9,"전남 무안군 청계면 도대로 125-9
349684852828044
126441352309919
📋 전체복사 349684852828044,126441352309919
전남 무안군 청계면 도대로 125-9
위도: 349684852828044
경도: 126441352309919",
전라남도 보성군 노동면 보림길 2,"전남 보성군 노동면 보림길 2
347959315678409
12706941029374
📋 전체복사 347959315678409,12706941029374
전남 보성군 노동면 보림길 2
위도: 347959315678409
경도: 12706941029374",
전라남도 보성군 미력면 초당길 9-4,"전남 보성군 미력면 초당길 9-4
347758266761836
127107499574337
📋 전체복사 347758266761836,127107499574337
전남 보성군 미력면 초당길 9-4
위도: 347758266761836
경도: 127107499574337",
전라남도 신안군 암태면 진작지길 227-17 1동,"전남 신안군 암태면 진작지길 227-17
348780125874329
126145091060962
📋 전체복사 348780125874329,126145091060962
전남 신안군 암태면 진작지길 227-17
위도: 348780125874329
경도: 126145091060962",
전라남도 신안군 압해읍 학동길 66-20,"전남 신안군 압해읍 학동길 66-20
348684896100117
12631691161184
📋 전체복사 348684896100117,12631691161184
전남 신안군 압해읍 학동길 66-20
위도: 348684896100117
경도: 12631691161184",
전라남도 여수시 남산남1길 34,"전남 여수시 남산남1길 34
34729450801031
127731326953077
📋 전체복사 34729450801031,127731326953077
전남 여수시 남산남1길 34
위도: 34729450801031
경도: 127731326953077",
전라남도 영암군 덕진면 새터신정길 71,"전남 영암군 덕진면 새터신정길 71
348192297420293
126698155267963
📋 전체복사 348192297420293,126698155267963
전남 영암군 덕진면 새터신정길 71
위도: 348192297420293
경도: 126698155267963",
전라남도 영암군 신북면 고분로 1014,"전남 영암군 신북면 고분로 1014
349344973460435
126672794625023
📋 전체복사 349344973460435,126672794625023
전남 영암군 신북면 고분로 1014
위도: 349344973460435
경도: 126672794625023",
전라남도 완도군 신지면 명사십리길 85-29,"전남 완도군 신지면 명사십리길 85-29
343269867232022
126805105562748
📋 전체복사 343269867232022,126805105562748
전남 완도군 신지면 명사십리길 85-29
위도: 343269867232022
경도: 126805105562748",
전라남도 완도군 완도읍 개포로 145번길 39,"전남 완도군 완도읍 개포로145번길 39
343224090760729
126741877072963
📋 전체복사 343224090760729,126741877072963
전남 완도군 완도읍 개포로145번길 39
위도: 343224090760729
경도: 126741877072963",
전라남도 완도군 완도읍 군내11번길 15,"전남 완도군 완도읍 군내11번길 15
343133031099772
126757622443593
📋 전체복사 343133031099772,126757622443593
전남 완도군 완도읍 군내11번길 15
위도: 343133031099772
경도: 126757622443593",
전라남도 완도군 완도읍 장보고대로 191-1,"전남 완도군 완도읍 장보고대로 191-1
343183174531106
126747770469687
📋 전체복사 343183174531106,126747770469687
전남 완도군 완도읍 장보고대로 191-1
위도: 343183174531106
경도: 126747770469687",
전라남도 완도군 완도읍 청해진남로24번길 32,"전남 완도군 완도읍 청해진남로24번길 32
343152222260438
126754070194546
📋 전체복사 343152222260438,126754070194546
전남 완도군 완도읍 청해진남로24번길 32
위도: 343152222260438
경도: 126754070194546",
전라남도 장성군 진원면 영신2길 65,"전남 장성군 진원면 영신2길 65
352675935642651
126804364416196
📋 전체복사 352675935642651,126804364416196
전남 장성군 진원면 영신2길 65
위도: 352675935642651
경도: 126804364416196",
전라남도 장성군 황룡면 구석길 53-2,"전남 장성군 황룡면 구석길 53-2
353039311706967
126745530146184
📋 전체복사 353039311706967,126745530146184
전남 장성군 황룡면 구석길 53-2
위도: 353039311706967
경도: 126745530146184",
전라남도 장흥군 장흥읍 토요시장3길 15,"전남 장흥군 장흥읍 토요시장3길 15
346763679677893
12690286193253
📋 전체복사 346763679677893,12690286193253
전남 장흥군 장흥읍 토요시장3길 15
위도: 346763679677893
경도: 12690286193253",
전라남도 장흥군 회진면 회진선창길 10-1,"전남 장흥군 회진면 회진선창길 10-1
344826751056225
126940370012067
📋 전체복사 344826751056225,126940370012067
전남 장흥군 회진면 회진선창길 10-1
위도: 344826751056225
경도: 126940370012067",
전라남도 진도군 진도읍 교동5길 109,"전남 진도군 진도읍 교동5길 109
344872043036075
12625163091147
📋 전체복사 344872043036075,12625163091147
전남 진도군 진도읍 교동5길 109
위도: 344872043036075
경도: 12625163091147",
전라남도 함평군 함평읍 내바람길 39,"전남 함평군 함평읍 내바람길 39
350629887961209
126520925373489
📋 전체복사 350629887961209,126520925373489
전남 함평군 함평읍 내바람길 39
위도: 350629887961209
경도: 126520925373489",
전라남도 함평군 함평읍 시장길 32,"전남 함평군 함평읍 시장길 32
350642540391818
126522777376485
📋 전체복사 350642540391818,126522777376485
전남 함평군 함평읍 시장길 32
위도: 350642540391818
경도: 126522777376485",
전남 함평군 함평읍 함평천우길 54,"전남 함평군 함평읍 함평천우길 54
350609031249864
12652454339377
📋 전체복사 350609031249864,12652454339377
전남 함평군 함평읍 함평천우길 54
위도: 350609031249864
경도: 12652454339377",
전라남도 해남군 해남읍 명문길 19-1,"전남 해남군 해남읍 명문길 19-1
345757130795052
126597612469877
📋 전체복사 345757130795052,126597612469877
전남 해남군 해남읍 명문길 19-1
위도: 345757130795052
경도: 126597612469877",
전라남도 화순군 한천면 용암길 132-35,"전남 화순군 한천면 용암길 132-35
349645453804774
12700198855705
📋 전체복사 349645453804774,12700198855705
전남 화순군 한천면 용암길 132-35
위도: 349645453804774
경도: 12700198855705",
전라남도 화순군 화순읍 시장길 40,"전남 화순군 화순읍 시장길 40
350591635416285
126983262666142
📋 전체복사 350591635416285,126983262666142
전남 화순군 화순읍 시장길 40
위도: 350591635416285
경도: 126983262666142",
전라남도 화순군 화순읍 안양산로 496,"전남 화순군 화순읍 안양산로 496
350941198350684
127007787262731
📋 전체복사 350941198350684,127007787262731
전남 화순군 화순읍 안양산로 496
위도: 350941198350684
경도: 127007787262731",
대구광역시 달서구 이공공원로1길 106,"—
—
—",
대구광역시 달성군 가창면 퇴계길 43-8,"대구 달성군 가창면 퇴계길 43-8
357835748850416
128650739996645
📋 전체복사 357835748850416,128650739996645
대구 달성군 가창면 퇴계길 43-8
위도: 357835748850416
경도: 128650739996645",
대구광역시 달성군 현풍면 현풍로6길 5,"대구 달성군 현풍읍 현풍로6길 5
356947605589006
128442228532381
📋 전체복사 356947605589006,128442228532381
대구 달성군 현풍읍 현풍로6길 5
위도: 356947605589006
경도: 128442228532381",
대구광역시 동구 아양로 50길 10,"대구 동구 아양로50길 10
358862409119743
128639065990727
📋 전체복사 358862409119743,128639065990727
대구 동구 아양로50길 10
위도: 358862409119743
경도: 128639065990727",
대구광역시 서구 달서천로87길 4,"대구 서구 달서천로87길 4
358808880687756
128579500676077
📋 전체복사 358808880687756,128579500676077
대구 서구 달서천로87길 4
위도: 358808880687756
경도: 128579500676077",
경상북도 경산시 계양로16길 70-1,"경북 경산시 계양로16길 70-1
358191063474453
128755483618382
📋 전체복사 358191063474453,128755483618382
경북 경산시 계양로16길 70-1
위도: 358191063474453
경도: 128755483618382",
경상북도 경산시 서상길 56,"경북 경산시 서상길 56
35817315740997
128735761167816
📋 전체복사 35817315740997,128735761167816
경북 경산시 서상길 56
위도: 35817315740997
경도: 128735761167816",
경상북도 경산시 원효로26길 36,"경북 경산시 원효로26길 36
358196326865248
128749143943972
📋 전체복사 358196326865248,128749143943972
경북 경산시 원효로26길 36
위도: 358196326865248
경도: 128749143943972",
경상북도 경주시 불국장터길 8,"경북 경주시 불국장터길 8
357750559242235
129301146966266
📋 전체복사 357750559242235,129301146966266
경북 경주시 불국장터길 8
위도: 357750559242235
경도: 129301146966266",
경상북도 경주시 산내면 의곡중앙길9,"경북 경주시 산내면 의곡중앙길 9
357575570377566
129044789599193
📋 전체복사 357575570377566,129044789599193
경북 경주시 산내면 의곡중앙길 9
위도: 357575570377566
경도: 129044789599193",
경상북도 경주시 초당길 117,"경북 경주시 초당길 117
358476932331287
129233952984007
📋 전체복사 358476932331287,129233952984007
경북 경주시 초당길 117
위도: 358476932331287
경도: 129233952984007",
경상북도 고령군 대가야읍 장기터길10,"경북 고령군 대가야읍 장기터길 10
357286140888447
12827520915857
📋 전체복사 357286140888447,12827520915857
경북 고령군 대가야읍 장기터길 10
위도: 357286140888447
경도: 12827520915857",
경상북도 고령군 대가야읍 시장2길 23,"경북 고령군 대가야읍 시장2길 23
357266555977445
128266352213068
📋 전체복사 357266555977445,128266352213068
경북 고령군 대가야읍 시장2길 23
위도: 357266555977445
경도: 128266352213068",
경상북도 고령군 대가야읍 장기터길 10-6,"경북 고령군 대가야읍 장기터길 10-6
357283574007932
128274701303634
📋 전체복사 357283574007932,128274701303634
경북 고령군 대가야읍 장기터길 10-6
위도: 357283574007932
경도: 128274701303634",
경상북도 고령군 운수면 꽃질2길 14-10,"경북 고령군 운수면 꽃질2길 14-10
357886348784792
128264615580236
📋 전체복사 357886348784792,128264615580236
경북 고령군 운수면 꽃질2길 14-10
위도: 357886348784792
경도: 128264615580236",
경상북도 구미시 도개면 도안로 123-4,"경북 구미시 도개면 도안로 123-4
363012873689125
1283296836163
📋 전체복사 363012873689125,1283296836163
경북 구미시 도개면 도안로 123-4
위도: 363012873689125
경도: 1283296836163",
경상북도 군위군 군위읍 동서길 41,"대구 군위군 군위읍 동서길 41
362361862778827
128566438925793
📋 전체복사 362361862778827,128566438925793
대구 군위군 군위읍 동서길 41
위도: 362361862778827
경도: 128566438925793",
경상북도 군위군 부계면 남산리 142-2,"대구 군위군 부계면 남산리 142-2
360373092745938
128641084899835
📋 전체복사 360373092745938,128641084899835
대구 군위군 부계면 남산리 142-2
위도: 360373092745938
경도: 128641084899835",
경상북도 군위군 효령면 간동유원지길 5,"대구 군위군 효령면 간동유원지길 5
361787185378938
128583600039513
📋 전체복사 361787185378938,128583600039513
대구 군위군 효령면 간동유원지길 5
위도: 361787185378938
경도: 128583600039513",
경상북도 군위군 효령면 거매2길 41-1,"대구 군위군 효령면 거매2길 41-1
361506660584385
128596873579219
📋 전체복사 361506660584385,128596873579219
대구 군위군 효령면 거매2길 41-1
위도: 361506660584385
경도: 128596873579219",
경상북도 김천시 구읍길 80,"경북 김천시 구읍길 80
361384948030215
12809439488921
📋 전체복사 361384948030215,12809439488921
경북 김천시 구읍길 80
위도: 361384948030215
경도: 12809439488921",
경상북도 김천시 봉산면 봉산로 15,"경북 김천시 봉산면 봉산로 15
362063975401764
128003566781656
📋 전체복사 362063975401764,128003566781656
경북 김천시 봉산면 봉산로 15
위도: 362063975401764
경도: 128003566781656",
경상북도 김천시 혁신1로 64,"경북 김천시 혁신1로 64
361147596945328
128179933406559
📋 전체복사 361147596945328,128179933406559
경북 김천시 혁신1로 64
위도: 361147596945328
경도: 128179933406559",
경상북도 김천시 삼락택지2길 34,"경북 김천시 삼락택지2길 34
361423042393292
128092346953658
📋 전체복사 361423042393292,128092346953658
경북 김천시 삼락택지2길 34
위도: 361423042393292
경도: 128092346953658",
경상북도 문경시 가은읍 도리실안길 13,"경북 문경시 가은읍 도리실안길 13
366578223948526
128051259051181
📋 전체복사 366578223948526,128051259051181
경북 문경시 가은읍 도리실안길 13
위도: 366578223948526
경도: 128051259051181",
경상북도 문경시 문경읍 온천2길 24,"경북 문경시 문경읍 온천2길 24
367293737638219
128108954745492
📋 전체복사 367293737638219,128108954745492
경북 문경시 문경읍 온천2길 24
위도: 367293737638219
경도: 128108954745492",
경상북도 문경시 산북면 금천로 557,"경북 문경시 산북면 금천로 557
366539485923256
128257565456064
📋 전체복사 366539485923256,128257565456064
경북 문경시 산북면 금천로 557
위도: 366539485923256
경도: 128257565456064",
경상북도 문경시 산북면 운달로 55,"경북 문경시 산북면 운달로 55
366731785660056
12826561506024
📋 전체복사 366731785660056,12826561506024
경북 문경시 산북면 운달로 55
위도: 366731785660056
경도: 12826561506024",
경상북도 문경시 중앙4길 20,"경북 문경시 중앙4길 20
365932487211482
128201497498376
📋 전체복사 365932487211482,128201497498376
경북 문경시 중앙4길 20
위도: 365932487211482
경도: 128201497498376",
경상북도 문경시 호계면 가열2길 25-1,"경북 문경시 호계면 가열2길 25-1
366458109937707
128166943326368
📋 전체복사 366458109937707,128166943326368
경북 문경시 호계면 가열2길 25-1
위도: 366458109937707
경도: 128166943326368",
경상북도 문경읍 온천3길 10-16,"경북 문경시 문경읍 온천3길 10-16
367324010485107
12811155886542
📋 전체복사 367324010485107,12811155886542
경북 문경시 문경읍 온천3길 10-16
위도: 367324010485107
경도: 12811155886542",
경상북도 봉화군 봉성면 농업인길 47,"경북 봉화군 봉성면 농업인길 47
369017751177473
12877227452357
📋 전체복사 369017751177473,12877227452357
경북 봉화군 봉성면 농업인길 47
위도: 369017751177473
경도: 12877227452357",
경상북도 봉화군 봉화읍 교촌1길 14,"경북 봉화군 봉화읍 교촌1길 14
36885184271687
128735029650384
📋 전체복사 36885184271687,128735029650384
경북 봉화군 봉화읍 교촌1길 14
위도: 36885184271687
경도: 128735029650384",
경상북도 봉화군 봉화읍 유록길 20,"경북 봉화군 봉화읍 유록길 20
368843730242922
128724907511133
📋 전체복사 368843730242922,128724907511133
경북 봉화군 봉화읍 유록길 20
위도: 368843730242922
경도: 128724907511133",
경상북도 봉화군 석포면 석포문화마을길 1-19,"경북 봉화군 석포면 석포문화마을길 1-19
370542230722674
129066037150778
📋 전체복사 370542230722674,129066037150778
경북 봉화군 석포면 석포문화마을길 1-19
위도: 370542230722674
경도: 129066037150778",
경상북도 상주시 외서면 북상주로 539-5,"경북 상주시 외서면 북상주로 539-5
36474818764193
128171185312631
📋 전체복사 36474818764193,128171185312631
경북 상주시 외서면 북상주로 539-5
위도: 36474818764193
경도: 128171185312631",
경상북도 상주시 함창읍 구향로 114,"경북 상주시 함창읍 구향로 114
365711894717662
128177293758489
📋 전체복사 365711894717662,128177293758489
경북 상주시 함창읍 구향로 114
위도: 365711894717662
경도: 128177293758489",
경상북도 성주군 대가면 여실길 46,"경북 성주군 대가면 여실길 46
359096849956855
12822626128762
📋 전체복사 359096849956855,12822626128762
경북 성주군 대가면 여실길 46
위도: 359096849956855
경도: 12822626128762",
경상북도 성주군 성주읍 경산2길 51,"경북 성주군 성주읍 경산2길 51
359173953365543
128280654176002
📋 전체복사 359173953365543,128280654176002
경북 성주군 성주읍 경산2길 51
위도: 359173953365543
경도: 128280654176002",
경상북도 영덕군 병곡면 덕천길 177,"경북 영덕군 병곡면 덕천길 177
365654086795235
129421693694472
📋 전체복사 365654086795235,129421693694472
경북 영덕군 병곡면 덕천길 177
위도: 365654086795235
경도: 129421693694472",
경상북도 영덕군 영덕읍 강변길 366,"경북 영덕군 영덕읍 강변길 366
364218340156213
129357930187494
📋 전체복사 364218340156213,129357930187494
경북 영덕군 영덕읍 강변길 366
위도: 364218340156213
경도: 129357930187494",
경상북도 영덕군 영덕읍 야성길 47,"경북 영덕군 영덕읍 야성길 47
364099513432069
129366885189319
📋 전체복사 364099513432069,129366885189319
경북 영덕군 영덕읍 야성길 47
위도: 364099513432069
경도: 129366885189319",
경상북도 영덕군 영덕읍 야성길 61-2,"경북 영덕군 영덕읍 야성길 61-2
364111502527012
129366134207916
📋 전체복사 364111502527012,129366134207916
경북 영덕군 영덕읍 야성길 61-2
위도: 364111502527012
경도: 129366134207916",
경상북도 영덕군 영덕읍 읍사무소1길 8-11,"경북 영덕군 영덕읍 읍사무소1길 8-11
364078241769179
12937450753837
📋 전체복사 364078241769179,12937450753837
경북 영덕군 영덕읍 읍사무소1길 8-11
위도: 364078241769179
경도: 12937450753837",
경상북도 영양군 영양읍 시장5길 4,"경북 영양군 영양읍 시장5길 4
366643449101853
129115973214228
📋 전체복사 366643449101853,129115973214228
경북 영양군 영양읍 시장5길 4
위도: 366643449101853
경도: 129115973214228",
경상북도 영주시 순흥면 순흥로39번길 21,"경북 영주시 순흥면 순흥로39번길 21
36913431148787
12857510920193
📋 전체복사 36913431148787,12857510920193
경북 영주시 순흥면 순흥로39번길 21
위도: 36913431148787
경도: 12857510920193",
경상북도 영주시 풍기읍 동양대로 107-4,"경북 영주시 풍기읍 동양대로 107-4
368790500340037
128533421631909
📋 전체복사 368790500340037,128533421631909
경북 영주시 풍기읍 동양대로 107-4
위도: 368790500340037
경도: 128533421631909",
경상북도 영천시 강변로 50-15,"경북 영천시 강변로 50-15
359603660560978
128928147757704
📋 전체복사 359603660560978,128928147757704
경북 영천시 강변로 50-15
위도: 359603660560978
경도: 128928147757704",
경상북도 영천시 무궁화길 33-3,"경북 영천시 무궁화길 33-3
359733816479267
128936445837877
📋 전체복사 359733816479267,128936445837877
경북 영천시 무궁화길 33-3
위도: 359733816479267
경도: 128936445837877",
경상북도 영천시 문외2길 3,"경북 영천시 문외2길 3
359701408373257
128936741438566
📋 전체복사 359701408373257,128936741438566
경북 영천시 문외2길 3
위도: 359701408373257
경도: 128936741438566",
경상북도 영천시 시장로 43,"경북 영천시 시장로 43
359636037709543
128934905415903
📋 전체복사 359636037709543,128934905415903
경북 영천시 시장로 43
위도: 359636037709543
경도: 128934905415903",
경상북도 영천시 완산중앙1길 6,"경북 영천시 완산중앙1길 6
359627898901971
128935454483057
📋 전체복사 359627898901971,128935454483057
경북 영천시 완산중앙1길 6
위도: 359627898901971
경도: 128935454483057",
경상북도 영천시 우로들길 11-2,"경북 영천시 우로들길 11-2
359779947426295
128956355692231
📋 전체복사 359779947426295,128956355692231
경북 영천시 우로들길 11-2
위도: 359779947426295
경도: 128956355692231",
경상북도 예천군 예천읍 이미기길 71,"경북 예천군 예천읍 이미기길 71
366515624673548
128432561829343
📋 전체복사 366515624673548,128432561829343
경북 예천군 예천읍 이미기길 71
위도: 366515624673548
경도: 128432561829343",
경상북도 예천군 용궁면 용궁시장길 30,"경북 예천군 용궁면 용궁시장길 30
366070266572832
128277577467952
📋 전체복사 366070266572832,128277577467952
경북 예천군 용궁면 용궁시장길 30
위도: 366070266572832
경도: 128277577467952",
경상북도 울진군 근남면 노음4길 6-10,"경북 울진군 근남면 노음4길 6-10
369627018112251
129395021725382
📋 전체복사 369627018112251,129395021725382
경북 울진군 근남면 노음4길 6-10
위도: 369627018112251
경도: 129395021725382",
경상북도 울진군 북면 곡리1길 5-29,"경북 울진군 북면 곡리1길 5-29
371140666674919
129369184493612
📋 전체복사 371140666674919,129369184493612
경북 울진군 북면 곡리1길 5-29
위도: 371140666674919
경도: 129369184493612",
경상북도 울진군 죽변면 죽변중앙로 168-13,"경북 울진군 죽변면 죽변중앙로 168-13
37059045502823
129422508359344
📋 전체복사 37059045502823,129422508359344
경북 울진군 죽변면 죽변중앙로 168-13
위도: 37059045502823
경도: 129422508359344",
경상북도 울진군 후포면 후포6길 159-1,"경북 울진군 후포면 후포6길 159-1
366884906532212
129464911550287
📋 전체복사 366884906532212,129464911550287
경북 울진군 후포면 후포6길 159-1
위도: 366884906532212
경도: 129464911550287",
경상북도 의성군 금성면 탑리1길 47-1,"경북 의성군 금성면 탑리1길 47-1
362535350360249
128683828014214
📋 전체복사 362535350360249,128683828014214
경북 의성군 금성면 탑리1길 47-1
위도: 362535350360249
경도: 128683828014214",
경상북도 의성군 단촌면 장터길 14,"경북 의성군 단촌면 장터길 14
364226344141006
128673335468445
📋 전체복사 364226344141006,128673335468445
경북 의성군 단촌면 장터길 14
위도: 364226344141006
경도: 128673335468445",
경상북도 의성군 봉양면 봉기길 19,"경북 의성군 봉양면 봉기길 19
362944452387923
128574453666612
📋 전체복사 362944452387923,128574453666612
경북 의성군 봉양면 봉기길 19
위도: 362944452387923
경도: 128574453666612",
경상북도 의성군 의성읍 도동도서길 10,"경북 의성군 의성읍 도동도서길 10
363463456481766
128697376924267
📋 전체복사 363463456481766,128697376924267
경북 의성군 의성읍 도동도서길 10
위도: 363463456481766
경도: 128697376924267",
경상북도 의성군 의성읍 동서1길 37,"경북 의성군 의성읍 동서1길 37
3634977334231
128698241871744
📋 전체복사 3634977334231,128698241871744
경북 의성군 의성읍 동서1길 37
위도: 3634977334231
경도: 128698241871744",
경상북도 의성군 의성읍 도동리 981-4,"—
—
—",
경상북도 의성군 의성읍 전통시장2길 15-6,"경북 의성군 의성읍 전통시장2길 15-6
363462932655804
128699920349046
📋 전체복사 363462932655804,128699920349046
경북 의성군 의성읍 전통시장2길 15-6
위도: 363462932655804
경도: 128699920349046",
경상북도 청도군 금천면 청려로 4651,"경북 청도군 금천면 청려로 4651
357122506309723
128909140769935
📋 전체복사 357122506309723,128909140769935
경북 청도군 금천면 청려로 4651
위도: 357122506309723
경도: 128909140769935",
경상북도 청도군 매전면 당호강변길 11,"경북 청도군 매전면 당호강변길 11
356729129141282
128866491942823
📋 전체복사 356729129141282,128866491942823
경북 청도군 매전면 당호강변길 11
위도: 356729129141282
경도: 128866491942823",
경상북도 청도군 이서면 칠곡길2,"경북 청도군 이서면 칠곡길 2
356941527839806
128687955171198
📋 전체복사 356941527839806,128687955171198
경북 청도군 이서면 칠곡길 2
위도: 356941527839806
경도: 128687955171198",
경상북도 청도군 청도읍 고수구길38,"경북 청도군 청도읍 고수구길 38
356457369016326
128738375822
📋 전체복사 356457369016326,128738375822
경북 청도군 청도읍 고수구길 38
위도: 356457369016326
경도: 128738375822",
경상북도 청도군 청도읍 냉정1길 12-1,"경북 청도군 청도읍 냉정1길 12-1
356470434962889
128739367070012
📋 전체복사 356470434962889,128739367070012
경북 청도군 청도읍 냉정1길 12-1
위도: 356470434962889
경도: 128739367070012",
경상북도 청도군 청도읍 청도시장3길 2-8,"경북 청도군 청도읍 청도시장3길 2-8
356448465611772
128747130121862
📋 전체복사 356448465611772,128747130121862
경북 청도군 청도읍 청도시장3길 2-8
위도: 356448465611772
경도: 128747130121862",
경상북도 청송군 부동면 공원길 174,"경북 청송군 주왕산면 공원길 174
363924926932038
129143800914638
📋 전체복사 363924926932038,129143800914638
경북 청송군 주왕산면 공원길 174
위도: 363924926932038
경도: 129143800914638",
경상북도 청송군 안덕면 복리길 25,"경북 청송군 안덕면 복리길 25
362741870591452
128955828097684
📋 전체복사 362741870591452,128955828097684
경북 청송군 안덕면 복리길 25
위도: 362741870591452
경도: 128955828097684",
경상북도 청송군 청송읍 사부실길 17,"경북 청송군 청송읍 사부실길 17
363826318105385
129103514510258
📋 전체복사 363826318105385,129103514510258
경북 청송군 청송읍 사부실길 17
위도: 363826318105385
경도: 129103514510258",
경상북도 청송군 청송읍 약수길 18-1,"경북 청송군 청송읍 약수길 18-1
364381972960525
12908397898733
📋 전체복사 364381972960525,12908397898733
경북 청송군 청송읍 약수길 18-1
위도: 364381972960525
경도: 12908397898733",
경상북도 청송군 청송읍 휴양단지길 34-1,"경북 청송군 청송읍 휴양단지길 34-1
36443322746245
129072095655146
📋 전체복사 36443322746245,129072095655146
경북 청송군 청송읍 휴양단지길 34-1
위도: 36443322746245
경도: 129072095655146",
경상북도 칠곡군 석적읍 도개7길 12,"경북 칠곡군 석적읍 도개7길 12
360490055115595
128473083998168
📋 전체복사 360490055115595,128473083998168
경북 칠곡군 석적읍 도개7길 12
위도: 360490055115595
경도: 128473083998168",
경상북도 칠곡군 왜관읍 남부3길 9,"경북 칠곡군 왜관읍 남부3길 9
359846873985026
128397830066187
📋 전체복사 359846873985026,128397830066187
경북 칠곡군 왜관읍 남부3길 9
위도: 359846873985026
경도: 128397830066187",
경상북도 칠곡군 왜관읍 봉계로 235,"경북 칠곡군 왜관읍 봉계로 235
359949318527903
12844615089211
📋 전체복사 359949318527903,12844615089211
경북 칠곡군 왜관읍 봉계로 235
위도: 359949318527903
경도: 12844615089211",
경상북도 칠곡군 왜관읍 석전로12길 7,"경북 칠곡군 왜관읍 석전로12길 7
360031533688563
128411851657946
📋 전체복사 360031533688563,128411851657946
경북 칠곡군 왜관읍 석전로12길 7
위도: 360031533688563
경도: 128411851657946",
경상북도 칠곡군 왜관읍 평장1길 6,"경북 칠곡군 왜관읍 평장1길 6
359871501219762
128401370370296
📋 전체복사 359871501219762,128401370370296
경북 칠곡군 왜관읍 평장1길 6
위도: 359871501219762
경도: 128401370370296",
경상북도 포항시 남구 대이로 65,"경북 포항시 남구 대이로 65
360208725071751
129340423588178
📋 전체복사 360208725071751,129340423588178
경북 포항시 남구 대이로 65
위도: 360208725071751
경도: 129340423588178",
경상북도 포항시 남구 연일읍 연일로159번길 9-1,"경북 포항시 남구 연일읍 연일로159번길 9-1
359969882767641
129345095844158
📋 전체복사 359969882767641,129345095844158
경북 포항시 남구 연일읍 연일로159번길 9-1
위도: 359969882767641
경도: 129345095844158",
경상북도 포항시 북구 중흥로 213번길 8,"경북 포항시 북구 중흥로213번길 8
360232419425956
129357086722613
📋 전체복사 360232419425956,129357086722613
경북 포항시 북구 중흥로213번길 8
위도: 360232419425956
경도: 129357086722613",
경상남도 거창군 거창읍 거안로 1173-21,"경남 거창군 거창읍 거안로 1173-21
356926297706317
127878980472386
📋 전체복사 356926297706317,127878980472386
경남 거창군 거창읍 거안로 1173-21
위도: 356926297706317
경도: 127878980472386",
경상남도 거창군 거창읍 내학길 35-4,"경남 거창군 거창읍 내학길 35-4
357391230059849
127924792241493
📋 전체복사 357391230059849,127924792241493
경남 거창군 거창읍 내학길 35-4
위도: 357391230059849
경도: 127924792241493",
경상남도 거창군 거창읍 주곡로 504-20,"경남 거창군 거창읍 주곡로 504-20
357384550774472
127924396518648
📋 전체복사 357384550774472,127924396518648
경남 거창군 거창읍 주곡로 504-20
위도: 357384550774472
경도: 127924396518648",
경상남도 거창군 북상면 병곡길 447-11,"경남 거창군 북상면 병곡길 447-11
358091133700329
127775627149437
📋 전체복사 358091133700329,127775627149437
경남 거창군 북상면 병곡길 447-11
위도: 358091133700329
경도: 127775627149437",
경상남도 고성군 거류면 당동해안길 35,"경남 고성군 거류면 당동해안길 35
349881434425195
128406384972708
📋 전체복사 349881434425195,128406384972708
경남 고성군 거류면 당동해안길 35
위도: 349881434425195
경도: 128406384972708",
경상남도 고성군 고성읍 송학로135번길 8,"경남 고성군 고성읍 송학로135번길 8
349780340998622
12832437573825
📋 전체복사 349780340998622,12832437573825
경남 고성군 고성읍 송학로135번길 8
위도: 349780340998622
경도: 12832437573825",
경상남도 고성군 마암면 옥천로 16-1,"경남 고성군 마암면 옥천로 16-1
350504862800842
128360497066168
📋 전체복사 350504862800842,128360497066168
경남 고성군 마암면 옥천로 16-1
위도: 350504862800842
경도: 128360497066168",
경상남도 김해시 대동면 동남로1번길 22,"경남 김해시 대동면 동남로1번길 22
352327206357825
128991260059846
📋 전체복사 352327206357825,128991260059846
경남 김해시 대동면 동남로1번길 22
위도: 352327206357825
경도: 128991260059846",
경상남도 김해시 대동면 동남로41번길 25-24,"경남 김해시 대동면 동남로41번길 25-24
352341933905978
12899296346567
📋 전체복사 352341933905978,12899296346567
경남 김해시 대동면 동남로41번길 25-24
위도: 352341933905978
경도: 12899296346567",
경상남도 남해군 남해읍 스포츠로105번길 3-4,"경남 남해군 남해읍 스포츠로105번길 3-4
348271684998754
127893449780229
📋 전체복사 348271684998754,127893449780229
경남 남해군 남해읍 스포츠로105번길 3-4
위도: 348271684998754
경도: 127893449780229",
경상남도 남해군 미조면 미조로 230,"경남 남해군 미조면 미조로 230
347107094557429
128047773993714
📋 전체복사 347107094557429,128047773993714
경남 남해군 미조면 미조로 230
위도: 347107094557429
경도: 128047773993714",
경상남도 남해군 삼동면 동부대로 1876번길 7,"경남 남해군 삼동면 동부대로1876번길 7
348316497389802
128000704823488
📋 전체복사 348316497389802,128000704823488
경남 남해군 삼동면 동부대로1876번길 7
위도: 348316497389802
경도: 128000704823488",
경상남도 남해군 창선면 옥천로 3 지도,"경남 남해군 창선면 옥천로 3
348549756888861
128012859870031
📋 전체복사 348549756888861,128012859870031
경남 남해군 창선면 옥천로 3
위도: 348549756888861
경도: 128012859870031",
경상남도 밀양시 미리벌중앙로 10 이편한세상 후문 상가103호,"경남 밀양시 미리벌중앙로 10
354798766189951
128752859528538
📋 전체복사 354798766189951,128752859528538
경남 밀양시 미리벌중앙로 10
위도: 354798766189951
경도: 128752859528538",
경상남도 밀양시 산외면 산외로 731,"경남 밀양시 산외면 산외로 731
35512507235478
12884134894833
📋 전체복사 35512507235478,12884134894833
경남 밀양시 산외면 산외로 731
위도: 35512507235478
경도: 12884134894833",
경상남도 사천시 곤명면 연평길 16,"경남 사천시 곤명면 연평길 16
351416494135522
127997492643946
📋 전체복사 351416494135522,127997492643946
경남 사천시 곤명면 연평길 16
위도: 351416494135522
경도: 127997492643946",
경상남도 사천시 사남면 하동길8-11,"경남 사천시 사남면 하동길 8-11
350675924481055
128076113288032
📋 전체복사 350675924481055,128076113288032
경남 사천시 사남면 하동길 8-11
위도: 350675924481055
경도: 128076113288032",
경상남도 사천시 사천읍 수양로 35-1,"경남 사천시 사천읍 수양로 35-1
350827433320622
128090288944025
📋 전체복사 350827433320622,128090288944025
경남 사천시 사천읍 수양로 35-1
위도: 350827433320622
경도: 128090288944025",
경상남도 사천시 사천읍 시장1길 16-8,"경남 사천시 사천읍 시장1길 16-8
35084562756298
128088520059905
📋 전체복사 35084562756298,128088520059905
경남 사천시 사천읍 시장1길 16-8
위도: 35084562756298
경도: 128088520059905",
경상남도 산청군 금서면 친환경로2605번길 6-6,"경남 산청군 금서면 친환경로2605번길 6-6
354183260410831
127871335889569
📋 전체복사 354183260410831,127871335889569
경남 산청군 금서면 친환경로2605번길 6-6
위도: 354183260410831
경도: 127871335889569",
경상남도 산청군 신안면 둔철산로 39,"경남 산청군 신안면 둔철산로 39
353496511690647
127935201169022
📋 전체복사 353496511690647,127935201169022
경남 산청군 신안면 둔철산로 39
위도: 353496511690647
경도: 127935201169022",
경상남도 양산시 용당 1길 5,"경남 양산시 용당1길 5
354275381905387
129184629522306
📋 전체복사 354275381905387,129184629522306
경남 양산시 용당1길 5
위도: 354275381905387
경도: 129184629522306",
경상남도 의령군 가례면 새가례로 31,"경남 의령군 가례면 새가례로 31
353260438332141
128244587538769
📋 전체복사 353260438332141,128244587538769
경남 의령군 가례면 새가례로 31
위도: 353260438332141
경도: 128244587538769",
경상남도 의령군 가례면 홍의로3길 11,"경남 의령군 가례면 홍의로3길 11
353359283287263
128207735652945
📋 전체복사 353359283287263,128207735652945
경남 의령군 가례면 홍의로3길 11
위도: 353359283287263
경도: 128207735652945",
경상남도 의령군 대의면 대의로52,"경남 의령군 대의면 대의로 52
353716467568696
128107124094607
📋 전체복사 353716467568696,128107124094607
경남 의령군 대의면 대의로 52
위도: 353716467568696
경도: 128107124094607",
경상남도 의령군 용덕면 덕암로 18,"경남 의령군 용덕면 덕암로 18
353313666748301
128286665253812
📋 전체복사 353313666748301,128286665253812
경남 의령군 용덕면 덕암로 18
위도: 353313666748301
경도: 128286665253812",
경상남도 의령군 의령읍 남강로 773,"경남 의령군 의령읍 남강로 773
353148970425613
128284336023886
📋 전체복사 353148970425613,128284336023886
경남 의령군 의령읍 남강로 773
위도: 353148970425613
경도: 128284336023886",
경상남도 의령군 의령읍 의병로18길 9-3,"경남 의령군 의령읍 의병로18길 9-3
353189057020958
128260656747183
📋 전체복사 353189057020958,128260656747183
경남 의령군 의령읍 의병로18길 9-3
위도: 353189057020958
경도: 128260656747183",
경상남도 의령군 의령읍 중리로 188,"경남 의령군 의령읍 중리로 188
352983533133195
128237714685736
📋 전체복사 352983533133195,128237714685736
경남 의령군 의령읍 중리로 188
위도: 352983533133195
경도: 128237714685736",
경상남도 진주시 동부로117,"경남 진주시 동부로 117
351629413859501
1281197344581
📋 전체복사 351629413859501,1281197344581
경남 진주시 동부로 117
위도: 351629413859501
경도: 1281197344581",
경상남도 창녕군 대합면 창한로 95,"경남 창녕군 대합면 창한로 95
35612481569044
128470970619289
📋 전체복사 35612481569044,128470970619289
경남 창녕군 대합면 창한로 95
위도: 35612481569044
경도: 128470970619289",
경상남도 창녕군 도천면 가마골2길 5,"경남 창녕군 도천면 가마골2길 5
35444035830265
128558500205367
📋 전체복사 35444035830265,128558500205367
경남 창녕군 도천면 가마골2길 5
위도: 35444035830265
경도: 128558500205367",
경상남도 창녕군 이방면 이방로 955,"경남 창녕군 이방면 이방로 955
356010062757435
128382450732813
📋 전체복사 356010062757435,128382450732813
경남 창녕군 이방면 이방로 955
위도: 356010062757435
경도: 128382450732813",
경상남도 창녕군 창녕읍 계성화왕산로 614,"경남 창녕군 창녕읍 계성화왕산로 614
355171044566704
12855083309002
📋 전체복사 355171044566704,12855083309002
경남 창녕군 창녕읍 계성화왕산로 614
위도: 355171044566704
경도: 12855083309002",
경상남도 창원시 마산합포구 옥동길 26,"경남 창원시 마산합포구 옥동길 26
351512004935634
128547108511535
📋 전체복사 351512004935634,128547108511535
경남 창원시 마산합포구 옥동길 26
위도: 351512004935634
경도: 128547108511535",
경상남도 창원시 마산합포구 진전면 아랫소포길 37,"경남 창원시 마산합포구 진전면 아랫소포길 37
350736548005338
128462131148344
📋 전체복사 350736548005338,128462131148344
경남 창원시 마산합포구 진전면 아랫소포길 37
위도: 350736548005338
경도: 128462131148344",
경상남도 창원시 마산회원구 두척1길 59,"경남 창원시 마산회원구 두척1길 59
352365350385974
128540634144847
📋 전체복사 352365350385974,128540634144847
경남 창원시 마산회원구 두척1길 59
위도: 352365350385974
경도: 128540634144847",
경상남도 창원시 성산구 상남로67,"경남 창원시 성산구 상남로 67
352201651243281
12867932617566
📋 전체복사 352201651243281,12867932617566
경남 창원시 성산구 상남로 67
위도: 352201651243281
경도: 12867932617566",
경상남도 창원시 성산구 창이대로 689번길 25,"경남 창원시 성산구 창이대로689번길 25
352245696034324
128702825792082
📋 전체복사 352245696034324,128702825792082
경남 창원시 성산구 창이대로689번길 25
위도: 352245696034324
경도: 128702825792082",
경상남도 창원시 의창고 상남로 240,"—
—
—",
경상남도 창원시 진해구 명동로 33,"—
—
—",
경상남도 통영시 광도면 죽림4로 23-37,"경남 통영시 광도면 죽림4로 23-37
348861468940054
128418825457114
📋 전체복사 348861468940054,128418825457114
경남 통영시 광도면 죽림4로 23-37
위도: 348861468940054
경도: 128418825457114",
경상남도 통영시 광도면 죽림4로 37-78,"경남 통영시 광도면 죽림4로 37-78
348851658848784
12842010145097
📋 전체복사 348851658848784,12842010145097
경남 통영시 광도면 죽림4로 37-78
위도: 348851658848784
경도: 12842010145097",
경상남도 통영시 광도면 죽림5로 55-61,"경남 통영시 광도면 죽림5로 55-61
34882330884899
1284221553011
📋 전체복사 34882330884899,1284221553011
경남 통영시 광도면 죽림5로 55-61
위도: 34882330884899
경도: 1284221553011",
경상남도 통영시 광도면 죽림해안로 92,"경남 통영시 광도면 죽림해안로 92
348828655980748
128422951144939
📋 전체복사 348828655980748,128422951144939
경남 통영시 광도면 죽림해안로 92
위도: 348828655980748
경도: 128422951144939",
경상남도 통영시 사량면 진촌1길 36,"경남 통영시 사량면 진촌1길 36
348445947010011
128222808611906
📋 전체복사 348445947010011,128222808611906
경남 통영시 사량면 진촌1길 36
위도: 348445947010011
경도: 128222808611906",
경상남도 통영시 욕지면 서촌윗길 183-3,"경남 통영시 욕지면 서촌윗길 183-3
346354252090293
128263645257221
📋 전체복사 346354252090293,128263645257221
경남 통영시 욕지면 서촌윗길 183-3
위도: 346354252090293
경도: 128263645257221",
경상남도 통영시 용남면 동달안길 84,"경남 통영시 용남면 동달안길 84
348641761767145
12844619168574
📋 전체복사 348641761767145,12844619168574
경남 통영시 용남면 동달안길 84
위도: 348641761767145
경도: 12844619168574",
경상남도 통영시 항북길 34,"경남 통영시 항북길 34
348456358685191
128429752086324
📋 전체복사 348456358685191,128429752086324
경남 통영시 항북길 34
위도: 348456358685191
경도: 128429752086324",
경상남도 통영시 해송정2길 29,"경남 통영시 해송정2길 29
348432538322193
128427401540257
📋 전체복사 348432538322193,128427401540257
경남 통영시 해송정2길 29
위도: 348432538322193
경도: 128427401540257",
경상남도 하동군 하동읍 범바위길 1,"경남 하동군 하동읍 범바위길 1
351037862235396
127701971148428
📋 전체복사 351037862235396,127701971148428
경남 하동군 하동읍 범바위길 1
위도: 351037862235396
경도: 127701971148428",
경상남도 함안군 가야읍 중앙본길 32,"경남 함안군 가야읍 중앙본길 32
352724663153697
128410109081001
📋 전체복사 352724663153697,128410109081001
경남 함안군 가야읍 중앙본길 32
위도: 352724663153697
경도: 128410109081001",
경상남도 함안군 산인면 성산로 563,"경남 함안군 산인면 성산로 563
352684687643944
128458650880195
📋 전체복사 352684687643944,128458650880195
경남 함안군 산인면 성산로 563
위도: 352684687643944
경도: 128458650880195",
경상남도 함안군 여항면 내곡3길 47,"경남 함안군 여항면 내곡3길 47
351966686124187
128454573426254
📋 전체복사 351966686124187,128454573426254
경남 함안군 여항면 내곡3길 47
위도: 351966686124187
경도: 128454573426254",
경상남도 함안군 함안면 북촌2길 50-27,"경남 함안군 함안면 북촌2길 50-27
35242085109748
128422878352336
📋 전체복사 35242085109748,128422878352336
경남 함안군 함안면 북촌2길 50-27
위도: 35242085109748
경도: 128422878352336",
경상남도 함양군 안의면 광풍로 107,"경남 함양군 안의면 광풍로 107
356267091903629
127810267274842
📋 전체복사 356267091903629,127810267274842
경남 함양군 안의면 광풍로 107
위도: 356267091903629
경도: 127810267274842",
경상남도 함양군 안의면 석천길 11-16,"경남 함양군 안의면 석천길 11-16
356262478759763
127814364500566
📋 전체복사 356262478759763,127814364500566
경남 함양군 안의면 석천길 11-16
위도: 356262478759763
경도: 127814364500566",
경상남도 함양군 함양읍 동위천1길 1,"경남 함양군 함양읍 동위천1길 1
355225048007173
127720008826019
📋 전체복사 355225048007173,127720008826019
경남 함양군 함양읍 동위천1길 1
위도: 355225048007173
경도: 127720008826019",
경상남도 함양군 함양읍 인당강변길 24,"경남 함양군 함양읍 인당강변길 24
355124916129418
127731636858508
📋 전체복사 355124916129418,127731636858508
경남 함양군 함양읍 인당강변길 24
위도: 355124916129418
경도: 127731636858508",
경상남도 함양군 함양읍 중앙시장길 20,"경남 함양군 함양읍 중앙시장길 20
355175177336027
12773029356451
📋 전체복사 355175177336027,12773029356451
경남 함양군 함양읍 중앙시장길 20
위도: 355175177336027
경도: 12773029356451",
경상남도 합천군 가야면 치인1길 19-1,"경남 합천군 가야면 치인1길 19-1
357915246830049
128087114911952
📋 전체복사 357915246830049,128087114911952
경남 합천군 가야면 치인1길 19-1
위도: 357915246830049
경도: 128087114911952",
경상남도 합천군 야로면 야로공단길 7,"경남 합천군 야로면 야로공단길 7
357154410471781
128165839505909
📋 전체복사 357154410471781,128165839505909
경남 합천군 야로면 야로공단길 7
위도: 357154410471781
경도: 128165839505909",
경상남도 합천군 합천읍 동서로 53,"경남 합천군 합천읍 동서로 53
35567131242167
128158385741093
📋 전체복사 35567131242167,128158385741093
경남 합천군 합천읍 동서로 53
위도: 35567131242167
경도: 128158385741093",
경상남도 합천군 합천읍 동서로 74,"경남 합천군 합천읍 동서로 74
355671049839985
128160328779692
📋 전체복사 355671049839985,128160328779692
경남 합천군 합천읍 동서로 74
위도: 355671049839985
경도: 128160328779692",
부산광역시 기장군 일광면 문오성길 563,"부산 기장군 일광읍 문오성길 563
353010550174102
129259200001887
📋 전체복사 353010550174102,129259200001887
부산 기장군 일광읍 문오성길 563
위도: 353010550174102
경도: 129259200001887",
부산광역시 기장군 일광면 삼성3길 55,"부산 기장군 일광읍 삼성3길 55
352659756759967
12923414211261
📋 전체복사 352659756759967,12923414211261
부산 기장군 일광읍 삼성3길 55
위도: 352659756759967
경도: 12923414211261",
부산광역시 기장군 일광면 이천길 61,"부산 기장군 일광읍 이천길 61
352650604460782
129239815857131
📋 전체복사 352650604460782,129239815857131
부산 기장군 일광읍 이천길 61
위도: 352650604460782
경도: 129239815857131",
부산광역시 기장군 정관읍 병산1길 74-39,"부산 기장군 정관읍 병산1길 74-39
353422473221029
129193395917852
📋 전체복사 353422473221029,129193395917852
부산 기장군 정관읍 병산1길 74-39
위도: 353422473221029
경도: 129193395917852",
부산광역시 기장군 철마면 웅천리 324-6,"부산 기장군 철마면 웅천리 324-6
352941044550645
129168141724431
📋 전체복사 352941044550645,129168141724431
부산 기장군 철마면 웅천리 324-6
위도: 352941044550645
경도: 129168141724431",
부산광역시 남구 우암번영로26번길 17,"부산 남구 우암번영로26번길 17
351265208353894
129070865309507
📋 전체복사 351265208353894,129070865309507
부산 남구 우암번영로26번길 17
위도: 351265208353894
경도: 129070865309507",
부산광역시 동래구 아시아드대로163,"부산 동래구 아시아드대로 163
351989523651233
129064823553464
📋 전체복사 351989523651233,129064823553464
부산 동래구 아시아드대로 163
위도: 351989523651233
경도: 129064823553464",
부산광역시 영도구 동삼로42번길 16-11,"부산 영도구 동삼로42번길 16-11
35077092930938
129072286822431
📋 전체복사 35077092930938,129072286822431
부산 영도구 동삼로42번길 16-11
위도: 35077092930938
경도: 129072286822431",
울산광역시 울주군 두동면 계명로 88,"울산 울주군 두동면 계명로 88
35713593966153
129198146595485
📋 전체복사 35713593966153,129198146595485
울산 울주군 두동면 계명로 88
위도: 35713593966153
경도: 129198146595485",
울산광역시 울주군 상북면 웃궁평길 20,"울산 울주군 상북면 웃궁평길 20
355979085696416
129087367090031
📋 전체복사 355979085696416,129087367090031
울산 울주군 상북면 웃궁평길 20
위도: 355979085696416
경도: 129087367090031",
울산광역시 울주군 서생면 신암해안길 13,"울산 울주군 서생면 신암해안길 13
353469535042827
129322563360034
📋 전체복사 353469535042827,129322563360034
울산 울주군 서생면 신암해안길 13
위도: 353469535042827
경도: 129322563360034",
울산광역시 울주군 청량면 청량천변로 123,"울산 울주군 청량읍 청량천변로 123
355267745906804
129260516340799
📋 전체복사 355267745906804,129260516340799
울산 울주군 청량읍 청량천변로 123
위도: 355267745906804
경도: 129260516340799",
울산광역시 중구 운곡안길 9,"울산 중구 운곡안길 9
355564448634555
129276408841427
📋 전체복사 355564448634555,129276408841427
울산 중구 운곡안길 9
위도: 355564448634555
경도: 129276408841427",
제주도 서귀포시 서홍로41,"제주특별자치도 서귀포시 서홍로 41
332515450989422
12655334098599
📋 전체복사 332515450989422,12655334098599
제주특별자치도 서귀포시 서홍로 41
위도: 332515450989422
경도: 12655334098599",
제주도 제주시 신설로 11길 2-10,"제주특별자치도 제주시 신설로11길 2-10
334909954442632
126544347269426
📋 전체복사 334909954442632,126544347269426
제주특별자치도 제주시 신설로11길 2-10
위도: 334909954442632
경도: 126544347269426",
경기 수원시 장안구 정조로1110번길 3 송춘석음악학원1층 태능숯불갈비,"경기 수원시 장안구 정조로1110번길 3
373038126164639
127001139118495
📋 전체복사 373038126164639,127001139118495
경기 수원시 장안구 정조로1110번길 3
위도: 373038126164639
경도: 127001139118495",
경기 수원시 권선구 고산로4번길 6 스타빌딩1층,"경기 수원시 권선구 고산로4번길 6
37246837346684
12698295652686
📋 전체복사 37246837346684,12698295652686
경기 수원시 권선구 고산로4번길 6
위도: 37246837346684
경도: 12698295652686",
서울 강남구 선릉로131길 16 1층 구테로이테,"서울 강남구 선릉로131길 16
375176953608723
12703963018885
📋 전체복사 375176953608723,12703963018885
서울 강남구 선릉로131길 16
위도: 375176953608723
경도: 12703963018885",
서울 강서구 마곡동로3길 26 103호,"서울 강서구 마곡동로3길 26
375601974065541
126830520236383
📋 전체복사 375601974065541,126830520236383
서울 강서구 마곡동로3길 26
위도: 375601974065541
경도: 126830520236383",
"서울 동작구 동작대로1길 10-14 새롬빌딩 1,2층","서울 동작구 동작대로1길 10-14
374778936545983
126980992409628
📋 전체복사 374778936545983,126980992409628
서울 동작구 동작대로1길 10-14
위도: 374778936545983
경도: 126980992409628",
인천 강화군 강화읍 강화대로368번길 13,"인천 강화군 강화읍 강화대로368번길 13
377448538667022
126490158932555
📋 전체복사 377448538667022,126490158932555
인천 강화군 강화읍 강화대로368번길 13
위도: 377448538667022
경도: 126490158932555",
인천 중구 운남로82번길 40,"인천 중구 운남로82번길 40
37486086132523
126537082119708
📋 전체복사 37486086132523,126537082119708
인천 중구 운남로82번길 40
위도: 37486086132523
경도: 126537082119708",
인천 연수구 청량로 145 포레스트아웃팅스 송도점,"인천 연수구 청량로 145
374200421734208
126652269959689
📋 전체복사 374200421734208,126652269959689
인천 연수구 청량로 145
위도: 374200421734208
경도: 126652269959689",
강원 춘천시 영서로 2529-47,"강원특별자치도 춘천시 영서로 2529-47
378846324785358
127712050525076
📋 전체복사 378846324785358,127712050525076
강원특별자치도 춘천시 영서로 2529-47
위도: 378846324785358
경도: 127712050525076",
강원 철원군 동송읍 한탄강길 112 카페은하수,"강원특별자치도 철원군 동송읍 한탄강길 112
381997773241288
127277505237284
📋 전체복사 381997773241288,127277505237284
강원특별자치도 철원군 동송읍 한탄강길 112
위도: 381997773241288
경도: 127277505237284",
강원 화천군 화천읍 노신로 43 1층 온힐링카페,"강원특별자치도 화천군 화천읍 노신로 43
381150677152666
127699283809453
📋 전체복사 381150677152666,127699283809453
강원특별자치도 화천군 화천읍 노신로 43
위도: 381150677152666
경도: 127699283809453",
강원 양구군 양구읍 성곡로 200-1 아인53,"강원특별자치도 양구군 양구읍 성곡로 200-1
381349694228307
127987614316793
📋 전체복사 381349694228307,127987614316793
강원특별자치도 양구군 양구읍 성곡로 200-1
위도: 381349694228307
경도: 127987614316793",
강원 홍천군 서면 상귀량길 4 로즈카페,"강원특별자치도 홍천군 서면 상귀량길 4
37646563261749
127641396450698
📋 전체복사 37646563261749,127641396450698
강원특별자치도 홍천군 서면 상귀량길 4
위도: 37646563261749
경도: 127641396450698",
강원 평창군 평창읍 제방길 33-6,"강원특별자치도 평창군 평창읍 제방길 33-6
373626260271873
128385695543754
📋 전체복사 373626260271873,128385695543754
강원특별자치도 평창군 평창읍 제방길 33-6
위도: 373626260271873
경도: 128385695543754",
강원 횡성군 횡성읍 태기로 488 A동,"강원특별자치도 횡성군 횡성읍 태기로 488
37512917973286
12802698491868
📋 전체복사 37512917973286,12802698491868
강원특별자치도 횡성군 횡성읍 태기로 488
위도: 37512917973286
경도: 12802698491868",
경기 양평군 옥천면 남한강변길 123-19,"경기 양평군 옥천면 남한강변길 123-19
375088186667468
127424925876749
📋 전체복사 375088186667468,127424925876749
경기 양평군 옥천면 남한강변길 123-19
위도: 375088186667468
경도: 127424925876749",
경기 김포시 김포한강1로98번길 17-88 101호,"경기 김포시 김포한강1로98번길 17-88
376470986431674
126672284352865
📋 전체복사 376470986431674,126672284352865
경기 김포시 김포한강1로98번길 17-88
위도: 376470986431674
경도: 126672284352865",
경기 고양시 일산동구 위시티로 43 1층,"경기 고양시 일산동구 위시티로 43
376763362738769
126809402654418
📋 전체복사 376763362738769,126809402654418
경기 고양시 일산동구 위시티로 43
위도: 376763362738769
경도: 126809402654418",
경기 남양주시 화도읍 경춘로2696번길 4-15,"경기 남양주시 화도읍 경춘로2696번길 4-15
376734457173245
12737599114414
📋 전체복사 376734457173245,12737599114414
경기 남양주시 화도읍 경춘로2696번길 4-15
위도: 376734457173245
경도: 12737599114414",
경기 남양주시 수동면 비룡로782번길 71-40 마이포터리,"경기 남양주시 수동면 비룡로782번길 71
377046889593871
127330214468527
📋 전체복사 377046889593871,127330214468527
경기 남양주시 수동면 비룡로782번길 71
위도: 377046889593871
경도: 127330214468527",
경기 가평군 가평읍 오리나무길 35 프롬밀크,"경기 가평군 가평읍 오리나무길 35
378244673095151
127513975312781
📋 전체복사 378244673095151,127513975312781
경기 가평군 가평읍 오리나무길 35
위도: 378244673095151
경도: 127513975312781",
경기 평택시 포승읍 만호리 697-17,"경기 평택시 포승읍 만호리 697-17
369628549765107
126855787736176
📋 전체복사 369628549765107,126855787736176
경기 평택시 포승읍 만호리 697-17
위도: 369628549765107
경도: 126855787736176",
"경기 수원시 영통구 광교중앙로37번길 45 1층,지층","경기 수원시 영통구 광교중앙로37번길 45
372783030693441
127051418927842
📋 전체복사 372783030693441,127051418927842
경기 수원시 영통구 광교중앙로37번길 45
위도: 372783030693441
경도: 127051418927842",
경기 오산시 궐리사로 63 2층,"경기 오산시 궐리사로 63
37159196555326
12705951302802
📋 전체복사 37159196555326,12705951302802
경기 오산시 궐리사로 63
위도: 37159196555326
경도: 12705951302802",
경기 용인시 처인구 성산로170번길 23-1 칼리오페,"경기 용인시 처인구 성산로170번길 23
372483953906138
12719219661998
📋 전체복사 372483953906138,12719219661998
경기 용인시 처인구 성산로170번길 23
위도: 372483953906138
경도: 12719219661998",
경기 화성시 향남읍 두렁바위길 49-13,"경기 화성시 만세구 향남읍 두렁바위길 49-13
371281221783661
126895074857187
📋 전체복사 371281221783661,126895074857187
경기 화성시 만세구 향남읍 두렁바위길 49-13
위도: 371281221783661
경도: 126895074857187",
경기 여주시 강천면 강문로 703 카페여주,"경기 여주시 강천면 강문로 703
372643772135501
12771918002142
📋 전체복사 372643772135501,12771918002142
경기 여주시 강천면 강문로 703
위도: 372643772135501
경도: 12771918002142",
경기 부천시 부천로136번길 34,"경기 부천시 원미구 부천로136번길 34
374958673688844
126787283713475
📋 전체복사 374958673688844,126787283713475
경기 부천시 원미구 부천로136번길 34
위도: 374958673688844
경도: 126787283713475",
경기 시흥시 호현로 155-25 카페청화공간,"경기 시흥시 호현로 155
37453607836193
126787090159943
📋 전체복사 37453607836193,126787090159943
경기 시흥시 호현로 155
위도: 37453607836193
경도: 126787090159943",
경기 안양시 동안구 평촌대로223번길 55 대명빌딩 4층 401호,"경기 안양시 동안구 평촌대로223번길 55
373902386744947
126952756892814
📋 전체복사 373902386744947,126952756892814
경기 안양시 동안구 평촌대로223번길 55
위도: 373902386744947
경도: 126952756892814",
경기 안산시 단원구 꽃우물1길 16-4,"경기 안산시 단원구 꽃우물1길 16-4
373582001076042
126821919874918
📋 전체복사 373582001076042,126821919874918
경기 안산시 단원구 꽃우물1길 16-4
위도: 373582001076042
경도: 126821919874918",
경기 안성시 대덕면 배꽃길 61,"경기 안성시 대덕면 배꽃길 61
370300407364215
127240538551658
📋 전체복사 370300407364215,127240538551658
경기 안성시 대덕면 배꽃길 61
위도: 370300407364215
경도: 127240538551658",
경기 수원시 팔달구 창룡대로74번길 15,"경기 수원시 팔달구 창룡대로74번길 15
372846669172738
127023134630795
📋 전체복사 372846669172738,127023134630795
경기 수원시 팔달구 창룡대로74번길 15
위도: 372846669172738
경도: 127023134630795",
경기 이천시 부발읍 부발중앙로221번길 89 더반 올가닉,"경기 이천시 부발읍 부발중앙로221번길 89
372722969320395
12750871703663
📋 전체복사 372722969320395,12750871703663
경기 이천시 부발읍 부발중앙로221번길 89
위도: 372722969320395
경도: 12750871703663",
충북 음성군 음성읍 음성로 152 1층 카페트리스톤,"충북 음성군 음성읍 음성로 152
369304416856856
127675976998293
📋 전체복사 369304416856856,127675976998293
충북 음성군 음성읍 음성로 152
위도: 369304416856856
경도: 127675976998293",
충북 영동군 양산면 양산심천로 45 1층,"충북 영동군 양산면 양산심천로 45
361323491370651
127682467916143
📋 전체복사 361323491370651,127682467916143
충북 영동군 양산면 양산심천로 45
위도: 361323491370651
경도: 127682467916143",
충북 청주시 흥덕구 흥덕로88번길 29 1층,"충북 청주시 흥덕구 흥덕로88번길 29
366435088483282
127473808515432
📋 전체복사 366435088483282,127473808515432
충북 청주시 흥덕구 흥덕로88번길 29
위도: 366435088483282
경도: 127473808515432",
충북 청주시 상당구 수암로 46-8 풀문커피,"충북 청주시 상당구 수암로 46-8
366464795618173
127494784746103
📋 전체복사 366464795618173,127494784746103
충북 청주시 상당구 수암로 46-8
위도: 366464795618173
경도: 127494784746103",
충북 제천시 수산면 옥순봉로10길 2 2동,"충북 제천시 수산면 옥순봉로10길 2
369806441992708
128201897534756
📋 전체복사 369806441992708,128201897534756
충북 제천시 수산면 옥순봉로10길 2
위도: 369806441992708
경도: 128201897534756",
충북 진천군 진천읍 소강정1길 78 카페 더그라스,"충북 진천군 진천읍 소강정1길 78
368560949865725
127451385312205
📋 전체복사 368560949865725,127451385312205
충북 진천군 진천읍 소강정1길 78
위도: 368560949865725
경도: 127451385312205",
충북 청주시 상당구 사직대로361번길 14-9 2층,"충북 청주시 상당구 사직대로361번길 14-9
366376871458706
127488041512351
📋 전체복사 366376871458706,127488041512351
충북 청주시 상당구 사직대로361번길 14-9
위도: 366376871458706
경도: 127488041512351",
충북 보은군 속리산면 법주사로 104 로터스 블라썸,"충북 보은군 속리산면 법주사로 104
365184057838132
127816437750772
📋 전체복사 365184057838132,127816437750772
충북 보은군 속리산면 법주사로 104
위도: 365184057838132
경도: 127816437750772",
충남 당진시 신평면 매산로 170 로드1950카페,"충남 당진시 신평면 매산로 170
36917444061188
126812597333026
📋 전체복사 36917444061188,126812597333026
충남 당진시 신평면 매산로 170
위도: 36917444061188
경도: 126812597333026",
충남 부여군 부여읍 뒷개로27번길 10-1 무드빌리지,"충남 부여군 부여읍 뒷개로27번길 10-1
362928593263576
12692450335146
📋 전체복사 362928593263576,12692450335146
충남 부여군 부여읍 뒷개로27번길 10-1
위도: 362928593263576
경도: 12692450335146",
충남 청양군 운곡면 구만이길 70-21 앵화당,"충남 청양군 운곡면 구만이길 70-21
365312987829149
126843767514757
📋 전체복사 365312987829149,126843767514757
충남 청양군 운곡면 구만이길 70-21
위도: 365312987829149
경도: 126843767514757",
대전 동구 수향길 31,"대전 동구 수향길 31
363366658915095
127436979236571
📋 전체복사 363366658915095,127436979236571
대전 동구 수향길 31
위도: 363366658915095
경도: 127436979236571",
대전 유성구 대학로76번길 55 자동차 카페 히피스,"대전 유성구 대학로76번길 55
363601242283832
127347212451061
📋 전체복사 363601242283832,127347212451061
대전 유성구 대학로76번길 55
위도: 363601242283832
경도: 127347212451061",
"충남 아산시 인주면 아산만로 1608 가, 나, 다동","충남 아산시 인주면 아산만로 1608
368674443338646
126874823992536
📋 전체복사 368674443338646,126874823992536
충남 아산시 인주면 아산만로 1608
위도: 368674443338646
경도: 126874823992536",
충남 홍성군 서부면 남당항로72번길 1,"충남 홍성군 서부면 남당항로72번길 1
365326332236452
12648375942389
📋 전체복사 365326332236452,12648375942389
충남 홍성군 서부면 남당항로72번길 1
위도: 365326332236452
경도: 12648375942389",
충남 홍성군 홍북읍 용봉산2길 41 케이카페,"충남 홍성군 홍북읍 용봉산2길 41
366422369710974
126658764015545
📋 전체복사 366422369710974,126658764015545
충남 홍성군 홍북읍 용봉산2길 41
위도: 366422369710974
경도: 126658764015545",
충남 서산시 운산면 신창길 102-3,"충남 서산시 운산면 신창길 102-3
367547640386543
126567118527079
📋 전체복사 367547640386543,126567118527079
충남 서산시 운산면 신창길 102-3
위도: 367547640386543
경도: 126567118527079",
충남 예산군 예산읍 아리랑로213번길 34 카페 이안,"충남 예산군 예산읍 아리랑로213번길 34
366836834998479
126850695117249
📋 전체복사 366836834998479,126850695117249
충남 예산군 예산읍 아리랑로213번길 34
위도: 366836834998479
경도: 126850695117249",
충남 공주시 반포면 임금봉길 88-27,"충남 공주시 반포면 임금봉길 88-27
363661730783952
127251467059425
📋 전체복사 363661730783952,127251467059425
충남 공주시 반포면 임금봉길 88-27
위도: 363661730783952
경도: 127251467059425",
충남 태안군 소원면 파도길 61-9,"충남 태안군 소원면 파도길 61-9
367378651742003
126133119348429
📋 전체복사 367378651742003,126133119348429
충남 태안군 소원면 파도길 61-9
위도: 367378651742003
경도: 126133119348429",
충남 천안시 동남구 청수15길 4 공원다방,"충남 천안시 동남구 청수15길 4
367870424457405
127151150150243
📋 전체복사 367870424457405,127151150150243
충남 천안시 동남구 청수15길 4
위도: 367870424457405
경도: 127151150150243",
전북 무주군 적상면 마산내동길 16 무주창고,"전북특별자치도 무주군 적상면 마산내동길 16
35920537361958
1276800145186
📋 전체복사 35920537361958,1276800145186
전북특별자치도 무주군 적상면 마산내동길 16
위도: 35920537361958
경도: 1276800145186",
전북 남원시 함파우길 65-14 남원시립김병종미술관 1층 미안커피,"전북특별자치도 남원시 함파우길 65-14
35398706441829
127389554613503
📋 전체복사 35398706441829,127389554613503
전북특별자치도 남원시 함파우길 65-14
위도: 35398706441829
경도: 127389554613503",
전북 익산시 현영길 123-10,"전북특별자치도 익산시 현영길 123-10
359719226596958
126934474884172
📋 전체복사 359719226596958,126934474884172
전북특별자치도 익산시 현영길 123-10
위도: 359719226596958
경도: 126934474884172",
전북 진안군 부귀면 원세동길 2,"전북특별자치도 진안군 부귀면 원세동길 2
358024897484338
127328113531177
📋 전체복사 358024897484338,127328113531177
전북특별자치도 진안군 부귀면 원세동길 2
위도: 358024897484338
경도: 127328113531177",
전북 김제시 신풍길 253-5 제니오피스텔 1층 Bistro Han's,"전북특별자치도 김제시 신풍길 253-5
35798669270593
126890130271
📋 전체복사 35798669270593,126890130271
전북특별자치도 김제시 신풍길 253-5
위도: 35798669270593
경도: 126890130271",
전북 정읍시 정읍사로 388 제이포렛,"전북특별자치도 정읍시 정읍사로 388
355387382401497
126857169212473
📋 전체복사 355387382401497,126857169212473
전북특별자치도 정읍시 정읍사로 388
위도: 355387382401497
경도: 126857169212473",
전북 완주군 이서면 지사제로 191 카페캔버스,"전북특별자치도 완주군 이서면 지사제로 191
358346389911364
12702363025495
📋 전체복사 358346389911364,12702363025495
전북특별자치도 완주군 이서면 지사제로 191
위도: 358346389911364
경도: 12702363025495",
전북 부안군 진서면 청자로 206 추억을나누며,"전북특별자치도 부안군 진서면 청자로 206
355874789083463
126544130193448
📋 전체복사 355874789083463,126544130193448
전북특별자치도 부안군 진서면 청자로 206
위도: 355874789083463
경도: 126544130193448",
광주광역시 서구 눌재로 434 1층,"광주 서구 눌재로 434
351161585270916
126830545569381
📋 전체복사 351161585270916,126830545569381
광주 서구 눌재로 434
위도: 351161585270916
경도: 126830545569381",
광주광역시 남구 제중로47번길 11 1층,"광주 남구 제중로47번길 11
351386239012656
126912729786037
📋 전체복사 351386239012656,126912729786037
광주 남구 제중로47번길 11
위도: 351386239012656
경도: 126912729786037",
전남 담양군 봉산면 연산길 89-11 옥담,"전남 담양군 봉산면 연산길 89-11
352720699357134
126968882006352
📋 전체복사 352720699357134,126968882006352
전남 담양군 봉산면 연산길 89-11
위도: 352720699357134
경도: 126968882006352",
전남 완도군 군외면 청해진서로 1418-2,"전남 완도군 군외면 청해진서로 1418-2
343356505680155
126650850735543
📋 전체복사 343356505680155,126650850735543
전남 완도군 군외면 청해진서로 1418-2
위도: 343356505680155
경도: 126650850735543",
전남 장성군 진원면 상림길 26 MOMO,"전남 장성군 진원면 상림길 26
35272639219541
126860407234467
📋 전체복사 35272639219541,126860407234467
전남 장성군 진원면 상림길 26
위도: 35272639219541
경도: 126860407234467",
전남 장흥군 장흥읍 중앙로 81 1층 FOURROOM,"전남 장흥군 장흥읍 중앙로 81
346829609006802
126906030394972
📋 전체복사 346829609006802,126906030394972
전남 장흥군 장흥읍 중앙로 81
위도: 346829609006802
경도: 126906030394972",
전남 해남군 계곡면 오류골길 64,"전남 해남군 계곡면 오류골길 64
346331495868686
126653680405841
📋 전체복사 346331495868686,126653680405841
전남 해남군 계곡면 오류골길 64
위도: 346331495868686
경도: 126653680405841",
전남 화순군 화순읍 안양산로 616-2,"전남 화순군 화순읍 안양산로 616-2
350905600710172
127019616508825
📋 전체복사 350905600710172,127019616508825
전남 화순군 화순읍 안양산로 616-2
위도: 350905600710172
경도: 127019616508825",
전남 신안군 압해읍 압해로 820 카페 바다정원,"전남 신안군 압해읍 압해로 820
348628393872329
126318726220267
📋 전체복사 348628393872329,126318726220267
전남 신안군 압해읍 압해로 820
위도: 348628393872329
경도: 126318726220267",
전남 여수시 돌산읍 무술목길 142-1 카페 라피크,"전남 여수시 돌산읍 무술목길 142-1
346951459330053
127777275070026
📋 전체복사 346951459330053,127777275070026
전남 여수시 돌산읍 무술목길 142-1
위도: 346951459330053
경도: 127777275070026",
경북 구미시 고아읍 들성로 171-34,"경북 구미시 고아읍 들성로 171-34
361595948262367
128338173371299
📋 전체복사 361595948262367,128338173371299
경북 구미시 고아읍 들성로 171-34
위도: 361595948262367
경도: 128338173371299",
경북 고령군 쌍림면 대가야로 446-44 카페스톤 고령점,"경북 고령군 쌍림면 대가야로 446-44
356649438278988
12823539917946
📋 전체복사 356649438278988,12823539917946
경북 고령군 쌍림면 대가야로 446-44
위도: 356649438278988
경도: 12823539917946",
경북 김천시 자산3길 36,"경북 김천시 자산3길 36
361212446978894
128122983475385
📋 전체복사 361212446978894,128122983475385
경북 김천시 자산3길 36
위도: 361212446978894
경도: 128122983475385",
대구광역시 달서구 성서로 406 성서우체국 1층,"대구 달서구 성서로 406
358537625692511
128507724221953
📋 전체복사 358537625692511,128507724221953
대구 달서구 성서로 406
위도: 358537625692511
경도: 128507724221953",
대구광역시 서구 서대구로 118 1층~4층,"대구 서구 서대구로 118
358685207391505
128555619187906
📋 전체복사 358685207391505,128555619187906
대구 서구 서대구로 118
위도: 358685207391505
경도: 128555619187906",
경북 안동시 민속촌길 26,"경북 안동시 민속촌길 26
365788511386475
128764588904743
📋 전체복사 365788511386475,128764588904743
경북 안동시 민속촌길 26
위도: 365788511386475
경도: 128764588904743",
경북 청송군 파천면 송소고택길 21,"경북 청송군 파천면 송소고택길 21
364364182720059
129027216657237
📋 전체복사 364364182720059,129027216657237
경북 청송군 파천면 송소고택길 21
위도: 364364182720059
경도: 129027216657237",
경북 칠곡군 왜관읍 평장길 31 1층 이웃들의테이블카페,"경북 칠곡군 왜관읍 평장길 31
359851928587423
128402754884628
📋 전체복사 359851928587423,128402754884628
경북 칠곡군 왜관읍 평장길 31
위도: 359851928587423
경도: 128402754884628",
경북 의성군 단촌면 장터길 16-6,"경북 의성군 단촌면 장터길 16-6
364224960203211
128673058448285
📋 전체복사 364224960203211,128673058448285
경북 의성군 단촌면 장터길 16-6
위도: 364224960203211
경도: 128673058448285",
경북 성주군 월항면 주산로 454 카페 트리팔렛,"경북 성주군 월항면 주산로 454
359506509995489
128322960008392
📋 전체복사 359506509995489,128322960008392
경북 성주군 월항면 주산로 454
위도: 359506509995489
경도: 128322960008392",
경북 청도군 화양읍 소라2길 36-13,"경북 청도군 화양읍 소라2길 36-13
356637310738533
128722755544357
📋 전체복사 356637310738533,128722755544357
경북 청도군 화양읍 소라2길 36-13
위도: 356637310738533
경도: 128722755544357",
경북 경산시 경안로73길 20 마고 포레스트,"경북 경산시 경안로73길 20
358400409816134
128730704701446
📋 전체복사 358400409816134,128730704701446
경북 경산시 경안로73길 20
위도: 358400409816134
경도: 128730704701446",
경북 영주시 두서길87번길38,"경북 영주시 두서길87번길 38
368310513929908
128617565325721
📋 전체복사 368310513929908,128617565325721
경북 영주시 두서길87번길 38
위도: 368310513929908
경도: 128617565325721",
경북 울릉군 북면 추산길 40 휴행복한펜션,"경북 울릉군 북면 추산길 40
375344114806079
13085915752017
📋 전체복사 375344114806079,13085915752017
경북 울릉군 북면 추산길 40
위도: 375344114806079
경도: 13085915752017",
경북 문경시 동로면 안생달길279,"경북 문경시 동로면 안생달길 279
36815898709167
12826340280077
📋 전체복사 36815898709167,12826340280077
경북 문경시 동로면 안생달길 279
위도: 36815898709167
경도: 12826340280077",
경북 봉화군 명호면 비나리길172-57,"경북 봉화군 명호면 비나리길 172-57
368416901760461
128877300901537
📋 전체복사 368416901760461,128877300901537
경북 봉화군 명호면 비나리길 172-57
위도: 368416901760461
경도: 128877300901537",
경북 상주시 함창읍 새잼이길 7,"경북 상주시 함창읍 새잼이길 7
365769089334149
128165837812243
📋 전체복사 365769089334149,128165837812243
경북 상주시 함창읍 새잼이길 7
위도: 365769089334149
경도: 128165837812243",
경북 영천시 송정길 85,"경북 영천시 송정길 85
35966154842794
128915792818268
📋 전체복사 35966154842794,128915792818268
경북 영천시 송정길 85
위도: 35966154842794
경도: 128915792818268",
경북 포항시 남구 호미곶면 해맞이로46번길 164,"경북 포항시 남구 호미곶면 해맞이로46번길 164
360566077805121
129576800058133
📋 전체복사 360566077805121,129576800058133
경북 포항시 남구 호미곶면 해맞이로46번길 164
위도: 360566077805121
경도: 129576800058133",
경남 사천시 백천길 114-55,"경남 사천시 백천길 114-55
349931104961387
128072807096855
📋 전체복사 349931104961387,128072807096855
경남 사천시 백천길 114-55
위도: 349931104961387
경도: 128072807096855",
경남 창녕군 창녕읍 향교골목길 28-57 알리스타,"경남 창녕군 창녕읍 향교골목길 28-57
355452380131917
128499910463268
📋 전체복사 355452380131917,128499910463268
경남 창녕군 창녕읍 향교골목길 28-57
위도: 355452380131917
경도: 128499910463268",
경남 거창군 거창읍 강변로 53 빨간지붕 1층,"경남 거창군 거창읍 강변로 53
356838293703167
127902933442662
📋 전체복사 356838293703167,127902933442662
경남 거창군 거창읍 강변로 53
위도: 356838293703167
경도: 127902933442662",
경남 창원시 성산구 신사로 135 지하,"경남 창원시 성산구 신사로 135
352201251603311
128698098886481
📋 전체복사 352201251603311,128698098886481
경남 창원시 성산구 신사로 135
위도: 352201251603311
경도: 128698098886481",
경남 고성군 동해면 조선특구로 2104,"경남 고성군 동해면 조선특구로 2104
350614300707133
128479184478564
📋 전체복사 350614300707133,128479184478564
경남 고성군 동해면 조선특구로 2104
위도: 350614300707133
경도: 128479184478564",
경남 밀양시 삼랑진읍 행곡로 425-1 카페잇소,"경남 밀양시 삼랑진읍 행곡로 425-1
354288338209195
128897445217034
📋 전체복사 354288338209195,128897445217034
경남 밀양시 삼랑진읍 행곡로 425-1
위도: 354288338209195
경도: 128897445217034",
경남 진주시 남강로 36 커피플라워 혹은 진주시 남강로 38,"경남 진주시 남강로 36
351646942445141
128038722268298
📋 전체복사 351646942445141,128038722268298
경남 진주시 남강로 36
위도: 351646942445141
경도: 128038722268298",
경남 창원시 진해구 충장로 398-5 1층,"경남 창원시 진해구 충장로 398-5
351520136814397
12869516054359
📋 전체복사 351520136814397,12869516054359
경남 창원시 진해구 충장로 398-5
위도: 351520136814397
경도: 12869516054359",
경남 하동군 하동읍 중앙로 11 1층 진리커피,"경남 하동군 하동읍 중앙로 11
350702830152376
127751191360738
📋 전체복사 350702830152376,127751191360738
경남 하동군 하동읍 중앙로 11
위도: 350702830152376
경도: 127751191360738",
경남 함안군 함안면 함안대로 257 무진,"경남 함안군 함안면 함안대로 257
352549095891181
128423314094378
📋 전체복사 352549095891181,128423314094378
경남 함안군 함안면 함안대로 257
위도: 352549095891181
경도: 128423314094378",
경남 창원시 마산합포구 가포로 501-201 카페,"경남 창원시 마산합포구 가포로 501-201
351501340553068
128590580598606
📋 전체복사 351501340553068,128590580598606
경남 창원시 마산합포구 가포로 501-201
위도: 351501340553068
경도: 128590580598606",
경남 함양군 함양읍 서위천길 11 1층,"경남 함양군 함양읍 서위천길 11
355199460985232
127721194229258
📋 전체복사 355199460985232,127721194229258
경남 함양군 함양읍 서위천길 11
위도: 355199460985232
경도: 127721194229258",
경남 합천군 대병면 회양관광단지길 28-10,"경남 합천군 대병면 회양관광단지길 28-10
355253266521905
128018876342244
📋 전체복사 355253266521905,128018876342244
경남 합천군 대병면 회양관광단지길 28-10
위도: 355253266521905
경도: 128018876342244",
경남 통영시 도산면 도산일주로 954 네르하21카페,"경남 통영시 도산면 도산일주로 954
348851906365307
128315125075615
📋 전체복사 348851906365307,128315125075615
경남 통영시 도산면 도산일주로 954
위도: 348851906365307
경도: 128315125075615",
경남 산청군 단성면 석대로281번길 229-30,"경남 산청군 단성면 석대로281번길 229-30
353249497473265
127922442689967
📋 전체복사 353249497473265,127922442689967
경남 산청군 단성면 석대로281번길 229-30
위도: 353249497473265
경도: 127922442689967",
부산광역시 부산진구 서전로47번길 27 1층,"부산 부산진구 서전로47번길 27
35159119388319
129064568150081
📋 전체복사 35159119388319,129064568150081
부산 부산진구 서전로47번길 27
위도: 35159119388319
경도: 129064568150081",
울산광역시 북구 판지1길 30,"울산 북구 판지1길 30
356135018838139
129454957154487
📋 전체복사 356135018838139,129454957154487
울산 북구 판지1길 30
위도: 356135018838139
경도: 129454957154487",
부산 강서구 식만로 122 앙로고택,"부산 강서구 식만로 122
352052110809619
128906596016699
📋 전체복사 352052110809619,128906596016699
부산 강서구 식만로 122
위도: 352052110809619
경도: 128906596016699",
부산 기장군 정관읍 병산로 303-1 유정1995,"부산 기장군 정관읍 병산로 303
353527400582057
129187117669334
📋 전체복사 353527400582057,129187117669334
부산 기장군 정관읍 병산로 303
위도: 353527400582057
경도: 129187117669334",
울산광역시 울주군 범서읍 지지길 55 1층,"울산 울주군 범서읍 지지길 55
356234272801186
129225841487335
📋 전체복사 356234272801186,129225841487335
울산 울주군 범서읍 지지길 55
위도: 356234272801186
경도: 129225841487335",
부산 동래구 금정마을로 40 빌리지40,"부산 동래구 금정마을로 40
352125055239852
129061013698075
📋 전체복사 352125055239852,129061013698075
부산 동래구 금정마을로 40
위도: 352125055239852
경도: 129061013698075",
제주 제주시 한림읍 한림해안로 311 비양놀,"제주특별자치도 제주시 한림읍 한림해안로 311
334289809756378
126263507995971
📋 전체복사 334289809756378,126263507995971
제주특별자치도 제주시 한림읍 한림해안로 311
위도: 334289809756378
경도: 126263507995971",
제주 제주시 구좌읍 구좌해안로 141 카페 모알보알,"제주특별자치도 제주시 구좌읍 구좌해안로 141
335595661369175
12672795266525
📋 전체복사 335595661369175,12672795266525
제주특별자치도 제주시 구좌읍 구좌해안로 141
위도: 335595661369175
경도: 12672795266525",
제주 서귀포시 속골로 29-10 16호,"제주특별자치도 서귀포시 속골로 29-10
33242864497508
12652771954894
📋 전체복사 33242864497508,12652771954894
제주특별자치도 서귀포시 속골로 29-10
위도: 33242864497508
경도: 12652771954894",
강원 강릉시 난설헌로 232 카페 툇마루,"강원특별자치도 강릉시 난설헌로 232
377928528841489
128914530597286
📋 전체복사 377928528841489,128914530597286
강원특별자치도 강릉시 난설헌로 232
위도: 377928528841489
경도: 128914530597286",
서울 중랑구 동일로109길 28 1층 카페스테어스,"서울 중랑구 동일로109길 28
375919358651116
127078505564763
📋 전체복사 375919358651116,127078505564763
서울 중랑구 동일로109길 28
위도: 375919358651116
경도: 127078505564763",
전북 고창군 아산면 복분자로 184-81 연다원,"전북특별자치도 고창군 아산면 복분자로 184-81
35491202530067
12662778698764
📋 전체복사 35491202530067,12662778698764
전북특별자치도 고창군 아산면 복분자로 184-81
위도: 35491202530067
경도: 12662778698764",
전북 임실군 운암면 종운로 802-18,"전북특별자치도 임실군 운암면 종운로 802-18
355971483195341
127109375591323
📋 전체복사 355971483195341,127109375591323
전북특별자치도 임실군 운암면 종운로 802-18
위도: 355971483195341
경도: 127109375591323",
충남 공주시 사곡면 마곡사로 734 더밸리,"충남 공주시 사곡면 마곡사로 734
365485308715152
12702158135421
📋 전체복사 365485308715152,12702158135421
충남 공주시 사곡면 마곡사로 734
위도: 365485308715152
경도: 12702158135421",
충남 공주시 정자방1길 31 1층,"충남 공주시 정자방1길 31
364667701685311
127118828438398
📋 전체복사 364667701685311,127118828438398
충남 공주시 정자방1길 31
위도: 364667701685311
경도: 127118828438398",
"전북 전주시 덕진구 정여립로 924-25 1,2층","전북특별자치도 전주시 덕진구 정여립로 924-25
358333613362487
127075927861348
📋 전체복사 358333613362487,127075927861348
전북특별자치도 전주시 덕진구 정여립로 924-25
위도: 358333613362487
경도: 127075927861348",
전북 완주군 소양면 오도길 64,"전북특별자치도 완주군 소양면 오도길 64
359068914423839
127237643918595
📋 전체복사 359068914423839,127237643918595
전북특별자치도 완주군 소양면 오도길 64
위도: 359068914423839
경도: 127237643918595",
전북 전주시 덕진구 기지로 120 1층,"전북특별자치도 전주시 덕진구 기지로 120
35837967501223
127065321365341
📋 전체복사 35837967501223,127065321365341
전북특별자치도 전주시 덕진구 기지로 120
위도: 35837967501223
경도: 127065321365341",