RowName,Name,Type,DetailType,Grade
2003041000,[SET-][나이트]일반 한손검 티어 Tier1,EItemType_Weapon,EItemDetailType_Weapon_Sword,EUniversalGrade_Common
2003042000,[SET-][나이트]일반 한손검 티어 Tier2,EItemType_Weapon,EItemDetailType_Weapon_Sword,EUniversalGrade_Common
2003141000,[SET-][나이트]고급 한손검 티어 Tier1,EItemType_Weapon,EItemDetailType_Weapon_Sword,EUniversalGrade_Rare
2003142000,[SET-][나이트]고급 한손검 티어 Tier2,EItemType_Weapon,EItemDetailType_Weapon_Sword,EUniversalGrade_Rare
2003143000,[SET-][나이트]고급 한손검 티어 Tier3,EItemType_Weapon,EItemDetailType_Weapon_Sword,EUniversalGrade_Rare
2003241000,[SET-][나이트]희귀 한손검 티어 Tier1,EItemType_Weapon,EItemDetailType_Weapon_Sword,EUniversalGrade_Unique
2003242000,[SET-][나이트]희귀 한손검 티어 Tier2,EItemType_Weapon,EItemDetailType_Weapon_Sword,EUniversalGrade_Unique
2003243000,[SET-][나이트]희귀 한손검 티어 Tier3,EItemType_Weapon,EItemDetailType_Weapon_Sword,EUniversalGrade_Unique
2003341000,[SET-][나이트]영웅 한손검 티어 Tier1,EItemType_Weapon,EItemDetailType_Weapon_Sword,EUniversalGrade_Epic
2004041000,[SET-][나이트]일반 대검 티어 Tier1,EItemType_Weapon,EItemDetailType_Weapon_GreatSword,EUniversalGrade_Common
2004042000,[SET-][나이트]일반 대검 티어 Tier2,EItemType_Weapon,EItemDetailType_Weapon_GreatSword,EUniversalGrade_Common
2004141000,[SET-][나이트]고급 대검 티어 Tier1,EItemType_Weapon,EItemDetailType_Weapon_GreatSword,EUniversalGrade_Rare
2004142000,[SET-][나이트]고급 대검 티어 Tier2,EItemType_Weapon,EItemDetailType_Weapon_GreatSword,EUniversalGrade_Rare
2004241000,[SET-][나이트]희귀 대검 티어 Tier1,EItemType_Weapon,EItemDetailType_Weapon_GreatSword,EUniversalGrade_Unique
2004242000,[SET-][나이트]희귀 대검 티어 Tier2,EItemType_Weapon,EItemDetailType_Weapon_GreatSword,EUniversalGrade_Unique
2004341000,[SET-][나이트]영웅 대검 티어 Tier1,EItemType_Weapon,EItemDetailType_Weapon_GreatSword,EUniversalGrade_Epic
2000041000,[SET-][아처]일반 활 티어 Tier1,EItemType_Weapon,EItemDetailType_Weapon_Bow,EUniversalGrade_Common
2000042000,[SET-][아처]일반 활 티어 Tier2,EItemType_Weapon,EItemDetailType_Weapon_Bow,EUniversalGrade_Common
2000141000,[SET-][아처]고급 활 티어 Tier1,EItemType_Weapon,EItemDetailType_Weapon_Bow,EUniversalGrade_Rare
2000142000,[SET-][아처]고급 활 티어 Tier2,EItemType_Weapon,EItemDetailType_Weapon_Bow,EUniversalGrade_Rare
2000143000,[SET-][아처]고급 활 티어 Tier3,EItemType_Weapon,EItemDetailType_Weapon_Bow,EUniversalGrade_Rare
2000241000,[SET-][아처]희귀 활 티어 Tier1,EItemType_Weapon,EItemDetailType_Weapon_Bow,EUniversalGrade_Unique
2000242000,[SET-][아처]희귀 활 티어 Tier2,EItemType_Weapon,EItemDetailType_Weapon_Bow,EUniversalGrade_Unique
2000243000,[SET-][아처]희귀 활 티어 Tier3,EItemType_Weapon,EItemDetailType_Weapon_Bow,EUniversalGrade_Unique
2000341000,[SET-][아처]영웅 활 티어 Tier1,EItemType_Weapon,EItemDetailType_Weapon_Bow,EUniversalGrade_Epic
2001041000,[SET-][어쌔신]일반 단검 티어 Tier1,EItemType_Weapon,EItemDetailType_Weapon_Dagger,EUniversalGrade_Common
2001042000,[SET-][어쌔신]일반 단검 티어 Tier2,EItemType_Weapon,EItemDetailType_Weapon_Dagger,EUniversalGrade_Common
2001141000,[SET-][어쌔신]고급 단검 티어 Tier1,EItemType_Weapon,EItemDetailType_Weapon_Dagger,EUniversalGrade_Rare
2001142000,[SET-][어쌔신]고급 단검 티어 Tier2,EItemType_Weapon,EItemDetailType_Weapon_Dagger,EUniversalGrade_Rare
2001143000,[SET-][어쌔신]고급 단검 티어 Tier3,EItemType_Weapon,EItemDetailType_Weapon_Dagger,EUniversalGrade_Rare
2001241000,[SET-][어쌔신]희귀 단검 티어 Tier1,EItemType_Weapon,EItemDetailType_Weapon_Dagger,EUniversalGrade_Unique
2001242000,[SET-][어쌔신]희귀 단검 티어 Tier2,EItemType_Weapon,EItemDetailType_Weapon_Dagger,EUniversalGrade_Unique
2001243000,[SET-][어쌔신]희귀 단검 티어 Tier3,EItemType_Weapon,EItemDetailType_Weapon_Dagger,EUniversalGrade_Unique
2001341000,[SET-][어쌔신]영웅 단검 티어 Tier1,EItemType_Weapon,EItemDetailType_Weapon_Dagger,EUniversalGrade_Epic
2002041000,[SET-][위자드]일반 지팡이 티어 Tier1,EItemType_Weapon,EItemDetailType_Weapon_Staff,EUniversalGrade_Common
2002042000,[SET-][위자드]일반 지팡이 티어 Tier2,EItemType_Weapon,EItemDetailType_Weapon_Staff,EUniversalGrade_Common
2002141000,[SET-][위자드]고급 지팡이 티어 Tier1,EItemType_Weapon,EItemDetailType_Weapon_Staff,EUniversalGrade_Rare
2002142000,[SET-][위자드]고급 지팡이 티어 Tier2,EItemType_Weapon,EItemDetailType_Weapon_Staff,EUniversalGrade_Rare
2002143000,[SET-][위자드]고급 지팡이 티어 Tier3,EItemType_Weapon,EItemDetailType_Weapon_Staff,EUniversalGrade_Rare
2002241000,[SET-][위자드]희귀 지팡이 티어 Tier1,EItemType_Weapon,EItemDetailType_Weapon_Staff,EUniversalGrade_Unique
2002242000,[SET-][위자드]희귀 지팡이 티어 Tier2,EItemType_Weapon,EItemDetailType_Weapon_Staff,EUniversalGrade_Unique
2002243000,[SET-][위자드]희귀 지팡이 티어 Tier3,EItemType_Weapon,EItemDetailType_Weapon_Staff,EUniversalGrade_Unique
2002341000,[SET-][위자드]영웅 지팡이 티어 Tier1,EItemType_Weapon,EItemDetailType_Weapon_Staff,EUniversalGrade_Epic
2013041000,[SET-][나이트]일반 방패 티어 Tier1,EItemType_SubWeapon,EItemDetailType_SubWeapon_Sword,EUniversalGrade_Common
2013141000,[SET-][나이트]고급 방패 티어 Tier1,EItemType_SubWeapon,EItemDetailType_SubWeapon_Sword,EUniversalGrade_Rare
2013241000,[SET-][나이트]희귀 방패 티어 Tier1,EItemType_SubWeapon,EItemDetailType_SubWeapon_Sword,EUniversalGrade_Unique
2013341000,[SET-][나이트]영웅 방패 티어 Tier1,EItemType_SubWeapon,EItemDetailType_SubWeapon_Sword,EUniversalGrade_Epic
2014041000,[SET-][나이트]일반 완갑 티어 Tier1,EItemType_SubWeapon,EItemDetailType_SubWeapon_GreatSword,EUniversalGrade_Common
2014141000,[SET-][나이트]고급 완갑 티어 Tier1,EItemType_SubWeapon,EItemDetailType_SubWeapon_GreatSword,EUniversalGrade_Rare
2014241000,[SET-][나이트]희귀 완갑 티어 Tier1,EItemType_SubWeapon,EItemDetailType_SubWeapon_GreatSword,EUniversalGrade_Unique
2014341000,[SET-][나이트]영웅 완갑 티어 Tier1,EItemType_SubWeapon,EItemDetailType_SubWeapon_GreatSword,EUniversalGrade_Epic
2010041000,[SET-][아처]일반 화살 티어 Tier1,EItemType_SubWeapon,EItemDetailType_SubWeapon_Bow,EUniversalGrade_Common
2010141000,[SET-][아처]고급 화살 티어 Tier1,EItemType_SubWeapon,EItemDetailType_SubWeapon_Bow,EUniversalGrade_Rare
2010241000,[SET-][아처]희귀 화살 티어 Tier1,EItemType_SubWeapon,EItemDetailType_SubWeapon_Bow,EUniversalGrade_Unique
2010341000,[SET-][아처]영웅 화살 티어 Tier1,EItemType_SubWeapon,EItemDetailType_SubWeapon_Bow,EUniversalGrade_Epic
2011041000,[SET-][어쌔신]일반 독액 티어 Tier1,EItemType_SubWeapon,EItemDetailType_SubWeapon_Dagger,EUniversalGrade_Common
2011141000,[SET-][어쌔신]고급 독액 티어 Tier1,EItemType_SubWeapon,EItemDetailType_SubWeapon_Dagger,EUniversalGrade_Rare
2011241000,[SET-][어쌔신]희귀 독액 티어 Tier1,EItemType_SubWeapon,EItemDetailType_SubWeapon_Dagger,EUniversalGrade_Unique
2011341000,[SET-][어쌔신]영웅 독액 티어 Tier1,EItemType_SubWeapon,EItemDetailType_SubWeapon_Dagger,EUniversalGrade_Epic
2012041000,[SET-][위자드]일반 양피지 티어 Tier1,EItemType_SubWeapon,EItemDetailType_SubWeapon_Staff,EUniversalGrade_Common
2012141000,[SET-][위자드]고급 양피지 티어 Tier1,EItemType_SubWeapon,EItemDetailType_SubWeapon_Staff,EUniversalGrade_Rare
2012241000,[SET-][위자드]희귀 양피지 티어 Tier1,EItemType_SubWeapon,EItemDetailType_SubWeapon_Staff,EUniversalGrade_Unique
2012341000,[SET-][위자드]영웅 양피지 티어 Tier1,EItemType_SubWeapon,EItemDetailType_SubWeapon_Staff,EUniversalGrade_Epic
2020041001,[SET-][공용]일반 투구 티어 Tier1,EItemType_Armor,EItemDetailType_Armor_Helm,EUniversalGrade_Common
2020041002,[SET-][공용]일반 투구 티어 Tier1,EItemType_Armor,EItemDetailType_Armor_Helm,EUniversalGrade_Common
2020041003,[SET-][공용]일반 투구 티어 Tier1,EItemType_Armor,EItemDetailType_Armor_Helm,EUniversalGrade_Common
2020042001,[SET-][공용]일반 투구 티어 Tier2,EItemType_Armor,EItemDetailType_Armor_Helm,EUniversalGrade_Common
2020042002,[SET-][공용]일반 투구 티어 Tier2,EItemType_Armor,EItemDetailType_Armor_Helm,EUniversalGrade_Common
2020042003,[SET-][공용]일반 투구 티어 Tier2,EItemType_Armor,EItemDetailType_Armor_Helm,EUniversalGrade_Common
2020141001,[SET-][공용]고급 투구 티어 Tier1,EItemType_Armor,EItemDetailType_Armor_Helm,EUniversalGrade_Rare
2020141002,[SET-][공용]고급 투구 티어 Tier1,EItemType_Armor,EItemDetailType_Armor_Helm,EUniversalGrade_Rare
2020141003,[SET-][공용]고급 투구 티어 Tier1,EItemType_Armor,EItemDetailType_Armor_Helm,EUniversalGrade_Rare
2020142001,[SET-][공용]고급 투구 티어 Tier2,EItemType_Armor,EItemDetailType_Armor_Helm,EUniversalGrade_Rare
2020142002,[SET-][공용]고급 투구 티어 Tier2,EItemType_Armor,EItemDetailType_Armor_Helm,EUniversalGrade_Rare
2020142003,[SET-][공용]고급 투구 티어 Tier2,EItemType_Armor,EItemDetailType_Armor_Helm,EUniversalGrade_Rare
2020143001,[SET-][공용]고급 투구 티어 Tier3,EItemType_Armor,EItemDetailType_Armor_Helm,EUniversalGrade_Rare
2020143002,[SET-][공용]고급 투구 티어 Tier3,EItemType_Armor,EItemDetailType_Armor_Helm,EUniversalGrade_Rare
2020143003,[SET-][공용]고급 투구 티어 Tier3,EItemType_Armor,EItemDetailType_Armor_Helm,EUniversalGrade_Rare
2020241001,[SET-][공용]희귀 투구 티어 Tier1,EItemType_Armor,EItemDetailType_Armor_Helm,EUniversalGrade_Unique
2020241002,[SET-][공용]희귀 투구 티어 Tier1,EItemType_Armor,EItemDetailType_Armor_Helm,EUniversalGrade_Unique
2020241003,[SET-][공용]희귀 투구 티어 Tier1,EItemType_Armor,EItemDetailType_Armor_Helm,EUniversalGrade_Unique
2020242001,[SET-][공용]희귀 투구 티어 Tier2,EItemType_Armor,EItemDetailType_Armor_Helm,EUniversalGrade_Unique
2020242002,[SET-][공용]희귀 투구 티어 Tier2,EItemType_Armor,EItemDetailType_Armor_Helm,EUniversalGrade_Unique
2020242003,[SET-][공용]희귀 투구 티어 Tier2,EItemType_Armor,EItemDetailType_Armor_Helm,EUniversalGrade_Unique
2020243001,[SET-][공용]희귀 투구 티어 Tier3,EItemType_Armor,EItemDetailType_Armor_Helm,EUniversalGrade_Unique
2020243002,[SET-][공용]희귀 투구 티어 Tier3,EItemType_Armor,EItemDetailType_Armor_Helm,EUniversalGrade_Unique
2020243003,[SET-][공용]희귀 투구 티어 Tier3,EItemType_Armor,EItemDetailType_Armor_Helm,EUniversalGrade_Unique
2020341001,[SET-][공용]영웅 투구 티어 Tier1,EItemType_Armor,EItemDetailType_Armor_Helm,EUniversalGrade_Epic
2020341002,[SET-][공용]영웅 투구 티어 Tier1,EItemType_Armor,EItemDetailType_Armor_Helm,EUniversalGrade_Epic
2020341003,[SET-][공용]영웅 투구 티어 Tier1,EItemType_Armor,EItemDetailType_Armor_Helm,EUniversalGrade_Epic
2021041001,[SET-][공용]일반 상의 티어 Tier1,EItemType_Armor,EItemDetailType_Armor_Chest,EUniversalGrade_Common
2021041002,[SET-][공용]일반 상의 티어 Tier1,EItemType_Armor,EItemDetailType_Armor_Chest,EUniversalGrade_Common
2021041003,[SET-][공용]일반 상의 티어 Tier1,EItemType_Armor,EItemDetailType_Armor_Chest,EUniversalGrade_Common
2021042001,[SET-][공용]일반 상의 티어 Tier2,EItemType_Armor,EItemDetailType_Armor_Chest,EUniversalGrade_Common
2021042002,[SET-][공용]일반 상의 티어 Tier2,EItemType_Armor,EItemDetailType_Armor_Chest,EUniversalGrade_Common
2021042003,[SET-][공용]일반 상의 티어 Tier2,EItemType_Armor,EItemDetailType_Armor_Chest,EUniversalGrade_Common
2021141001,[SET-][공용]고급 상의 티어 Tier1,EItemType_Armor,EItemDetailType_Armor_Chest,EUniversalGrade_Rare
2021141002,[SET-][공용]고급 상의 티어 Tier1,EItemType_Armor,EItemDetailType_Armor_Chest,EUniversalGrade_Rare
2021141003,[SET-][공용]고급 상의 티어 Tier1,EItemType_Armor,EItemDetailType_Armor_Chest,EUniversalGrade_Rare
2021142001,[SET-][공용]고급 상의 티어 Tier2,EItemType_Armor,EItemDetailType_Armor_Chest,EUniversalGrade_Rare
2021142002,[SET-][공용]고급 상의 티어 Tier2,EItemType_Armor,EItemDetailType_Armor_Chest,EUniversalGrade_Rare
2021142003,[SET-][공용]고급 상의 티어 Tier2,EItemType_Armor,EItemDetailType_Armor_Chest,EUniversalGrade_Rare
2021143001,[SET-][공용]고급 상의 티어 Tier3,EItemType_Armor,EItemDetailType_Armor_Chest,EUniversalGrade_Rare
2021143002,[SET-][공용]고급 상의 티어 Tier3,EItemType_Armor,EItemDetailType_Armor_Chest,EUniversalGrade_Rare
2021143003,[SET-][공용]고급 상의 티어 Tier3,EItemType_Armor,EItemDetailType_Armor_Chest,EUniversalGrade_Rare
2021241001,[SET-][공용]희귀 상의 티어 Tier1,EItemType_Armor,EItemDetailType_Armor_Chest,EUniversalGrade_Unique
2021241002,[SET-][공용]희귀 상의 티어 Tier1,EItemType_Armor,EItemDetailType_Armor_Chest,EUniversalGrade_Unique
2021241003,[SET-][공용]희귀 상의 티어 Tier1,EItemType_Armor,EItemDetailType_Armor_Chest,EUniversalGrade_Unique
2021242001,[SET-][공용]희귀 상의 티어 Tier2,EItemType_Armor,EItemDetailType_Armor_Chest,EUniversalGrade_Unique
2021242002,[SET-][공용]희귀 상의 티어 Tier2,EItemType_Armor,EItemDetailType_Armor_Chest,EUniversalGrade_Unique
2021242003,[SET-][공용]희귀 상의 티어 Tier2,EItemType_Armor,EItemDetailType_Armor_Chest,EUniversalGrade_Unique
2021243001,[SET-][공용]희귀 상의 티어 Tier3,EItemType_Armor,EItemDetailType_Armor_Chest,EUniversalGrade_Unique
2021243002,[SET-][공용]희귀 상의 티어 Tier3,EItemType_Armor,EItemDetailType_Armor_Chest,EUniversalGrade_Unique
2021243003,[SET-][공용]희귀 상의 티어 Tier3,EItemType_Armor,EItemDetailType_Armor_Chest,EUniversalGrade_Unique
2021341001,[SET-][공용]영웅 상의 티어 Tier1,EItemType_Armor,EItemDetailType_Armor_Chest,EUniversalGrade_Epic
2021341002,[SET-][공용]영웅 상의 티어 Tier1,EItemType_Armor,EItemDetailType_Armor_Chest,EUniversalGrade_Epic
2021341003,[SET-][공용]영웅 상의 티어 Tier1,EItemType_Armor,EItemDetailType_Armor_Chest,EUniversalGrade_Epic
2022041001,[SET-][공용]일반 하의 티어 Tier1,EItemType_Armor,EItemDetailType_Armor_Pants,EUniversalGrade_Common
2022041002,[SET-][공용]일반 하의 티어 Tier1,EItemType_Armor,EItemDetailType_Armor_Pants,EUniversalGrade_Common
2022041003,[SET-][공용]일반 하의 티어 Tier1,EItemType_Armor,EItemDetailType_Armor_Pants,EUniversalGrade_Common
2022042001,[SET-][공용]일반 하의 티어 Tier2,EItemType_Armor,EItemDetailType_Armor_Pants,EUniversalGrade_Common
2022042002,[SET-][공용]일반 하의 티어 Tier2,EItemType_Armor,EItemDetailType_Armor_Pants,EUniversalGrade_Common
2022042003,[SET-][공용]일반 하의 티어 Tier2,EItemType_Armor,EItemDetailType_Armor_Pants,EUniversalGrade_Common
2022141001,[SET-][공용]고급 하의 티어 Tier1,EItemType_Armor,EItemDetailType_Armor_Pants,EUniversalGrade_Rare
2022141002,[SET-][공용]고급 하의 티어 Tier1,EItemType_Armor,EItemDetailType_Armor_Pants,EUniversalGrade_Rare
2022141003,[SET-][공용]고급 하의 티어 Tier1,EItemType_Armor,EItemDetailType_Armor_Pants,EUniversalGrade_Rare
2022142001,[SET-][공용]고급 하의 티어 Tier2,EItemType_Armor,EItemDetailType_Armor_Pants,EUniversalGrade_Rare
2022142002,[SET-][공용]고급 하의 티어 Tier2,EItemType_Armor,EItemDetailType_Armor_Pants,EUniversalGrade_Rare
2022142003,[SET-][공용]고급 하의 티어 Tier2,EItemType_Armor,EItemDetailType_Armor_Pants,EUniversalGrade_Rare
2022143001,[SET-][공용]고급 하의 티어 Tier3,EItemType_Armor,EItemDetailType_Armor_Pants,EUniversalGrade_Rare
2022143002,[SET-][공용]고급 하의 티어 Tier3,EItemType_Armor,EItemDetailType_Armor_Pants,EUniversalGrade_Rare
2022143003,[SET-][공용]고급 하의 티어 Tier3,EItemType_Armor,EItemDetailType_Armor_Pants,EUniversalGrade_Rare
2022241001,[SET-][공용]희귀 하의 티어 Tier1,EItemType_Armor,EItemDetailType_Armor_Pants,EUniversalGrade_Unique
2022241002,[SET-][공용]희귀 하의 티어 Tier1,EItemType_Armor,EItemDetailType_Armor_Pants,EUniversalGrade_Unique
2022241003,[SET-][공용]희귀 하의 티어 Tier1,EItemType_Armor,EItemDetailType_Armor_Pants,EUniversalGrade_Unique
2022242001,[SET-][공용]희귀 하의 티어 Tier2,EItemType_Armor,EItemDetailType_Armor_Pants,EUniversalGrade_Unique
2022242002,[SET-][공용]희귀 하의 티어 Tier2,EItemType_Armor,EItemDetailType_Armor_Pants,EUniversalGrade_Unique
2022242003,[SET-][공용]희귀 하의 티어 Tier2,EItemType_Armor,EItemDetailType_Armor_Pants,EUniversalGrade_Unique
2022243001,[SET-][공용]희귀 하의 티어 Tier3,EItemType_Armor,EItemDetailType_Armor_Pants,EUniversalGrade_Unique
2022243002,[SET-][공용]희귀 하의 티어 Tier3,EItemType_Armor,EItemDetailType_Armor_Pants,EUniversalGrade_Unique
2022243003,[SET-][공용]희귀 하의 티어 Tier3,EItemType_Armor,EItemDetailType_Armor_Pants,EUniversalGrade_Unique
2022341001,[SET-][공용]영웅 하의 티어 Tier1,EItemType_Armor,EItemDetailType_Armor_Pants,EUniversalGrade_Epic
2022341002,[SET-][공용]영웅 하의 티어 Tier1,EItemType_Armor,EItemDetailType_Armor_Pants,EUniversalGrade_Epic
2022341003,[SET-][공용]영웅 하의 티어 Tier1,EItemType_Armor,EItemDetailType_Armor_Pants,EUniversalGrade_Epic
2023041001,[SET-][공용]일반 장갑 티어 Tier1,EItemType_Armor,EItemDetailType_Armor_Gloves,EUniversalGrade_Common
2023041002,[SET-][공용]일반 장갑 티어 Tier1,EItemType_Armor,EItemDetailType_Armor_Gloves,EUniversalGrade_Common
2023041003,[SET-][공용]일반 장갑 티어 Tier1,EItemType_Armor,EItemDetailType_Armor_Gloves,EUniversalGrade_Common
2023042001,[SET-][공용]일반 장갑 티어 Tier2,EItemType_Armor,EItemDetailType_Armor_Gloves,EUniversalGrade_Common
2023042002,[SET-][공용]일반 장갑 티어 Tier2,EItemType_Armor,EItemDetailType_Armor_Gloves,EUniversalGrade_Common
2023042003,[SET-][공용]일반 장갑 티어 Tier2,EItemType_Armor,EItemDetailType_Armor_Gloves,EUniversalGrade_Common
2023141001,[SET-][공용]고급 장갑 티어 Tier1,EItemType_Armor,EItemDetailType_Armor_Gloves,EUniversalGrade_Rare
2023141002,[SET-][공용]고급 장갑 티어 Tier1,EItemType_Armor,EItemDetailType_Armor_Gloves,EUniversalGrade_Rare
2023141003,[SET-][공용]고급 장갑 티어 Tier1,EItemType_Armor,EItemDetailType_Armor_Gloves,EUniversalGrade_Rare
2023142001,[SET-][공용]고급 장갑 티어 Tier2,EItemType_Armor,EItemDetailType_Armor_Gloves,EUniversalGrade_Rare
2023142002,[SET-][공용]고급 장갑 티어 Tier2,EItemType_Armor,EItemDetailType_Armor_Gloves,EUniversalGrade_Rare
2023142003,[SET-][공용]고급 장갑 티어 Tier2,EItemType_Armor,EItemDetailType_Armor_Gloves,EUniversalGrade_Rare
2023143001,[SET-][공용]고급 장갑 티어 Tier3,EItemType_Armor,EItemDetailType_Armor_Gloves,EUniversalGrade_Rare
2023143002,[SET-][공용]고급 장갑 티어 Tier3,EItemType_Armor,EItemDetailType_Armor_Gloves,EUniversalGrade_Rare
2023143003,[SET-][공용]고급 장갑 티어 Tier3,EItemType_Armor,EItemDetailType_Armor_Gloves,EUniversalGrade_Rare
2023241001,[SET-][공용]희귀 장갑 티어 Tier1,EItemType_Armor,EItemDetailType_Armor_Gloves,EUniversalGrade_Unique
2023241002,[SET-][공용]희귀 장갑 티어 Tier1,EItemType_Armor,EItemDetailType_Armor_Gloves,EUniversalGrade_Unique
2023241003,[SET-][공용]희귀 장갑 티어 Tier1,EItemType_Armor,EItemDetailType_Armor_Gloves,EUniversalGrade_Unique
2023242001,[SET-][공용]희귀 장갑 티어 Tier2,EItemType_Armor,EItemDetailType_Armor_Gloves,EUniversalGrade_Unique
2023242002,[SET-][공용]희귀 장갑 티어 Tier2,EItemType_Armor,EItemDetailType_Armor_Gloves,EUniversalGrade_Unique
2023242003,[SET-][공용]희귀 장갑 티어 Tier2,EItemType_Armor,EItemDetailType_Armor_Gloves,EUniversalGrade_Unique
2023243001,[SET-][공용]희귀 장갑 티어 Tier3,EItemType_Armor,EItemDetailType_Armor_Gloves,EUniversalGrade_Unique
2023243002,[SET-][공용]희귀 장갑 티어 Tier3,EItemType_Armor,EItemDetailType_Armor_Gloves,EUniversalGrade_Unique
2023243003,[SET-][공용]희귀 장갑 티어 Tier3,EItemType_Armor,EItemDetailType_Armor_Gloves,EUniversalGrade_Unique
2023341001,[SET-][공용]영웅 장갑 티어 Tier1,EItemType_Armor,EItemDetailType_Armor_Gloves,EUniversalGrade_Epic
2023341002,[SET-][공용]영웅 장갑 티어 Tier1,EItemType_Armor,EItemDetailType_Armor_Gloves,EUniversalGrade_Epic
2023341003,[SET-][공용]영웅 장갑 티어 Tier1,EItemType_Armor,EItemDetailType_Armor_Gloves,EUniversalGrade_Epic
2024041001,[SET-][공용]일반 신발 티어 Tier1,EItemType_Armor,EItemDetailType_Armor_Boots,EUniversalGrade_Common
2024041002,[SET-][공용]일반 신발 티어 Tier1,EItemType_Armor,EItemDetailType_Armor_Boots,EUniversalGrade_Common
2024041003,[SET-][공용]일반 신발 티어 Tier1,EItemType_Armor,EItemDetailType_Armor_Boots,EUniversalGrade_Common
2024042001,[SET-][공용]일반 신발 티어 Tier2,EItemType_Armor,EItemDetailType_Armor_Boots,EUniversalGrade_Common
2024042002,[SET-][공용]일반 신발 티어 Tier2,EItemType_Armor,EItemDetailType_Armor_Boots,EUniversalGrade_Common
2024042003,[SET-][공용]일반 신발 티어 Tier2,EItemType_Armor,EItemDetailType_Armor_Boots,EUniversalGrade_Common
2024141001,[SET-][공용]고급 신발 티어 Tier1,EItemType_Armor,EItemDetailType_Armor_Boots,EUniversalGrade_Rare
2024141002,[SET-][공용]고급 신발 티어 Tier1,EItemType_Armor,EItemDetailType_Armor_Boots,EUniversalGrade_Rare
2024141003,[SET-][공용]고급 신발 티어 Tier1,EItemType_Armor,EItemDetailType_Armor_Boots,EUniversalGrade_Rare
2024142001,[SET-][공용]고급 신발 티어 Tier2,EItemType_Armor,EItemDetailType_Armor_Boots,EUniversalGrade_Rare
2024142002,[SET-][공용]고급 신발 티어 Tier2,EItemType_Armor,EItemDetailType_Armor_Boots,EUniversalGrade_Rare
2024142003,[SET-][공용]고급 신발 티어 Tier2,EItemType_Armor,EItemDetailType_Armor_Boots,EUniversalGrade_Rare
2024143001,[SET-][공용]고급 신발 티어 Tier3,EItemType_Armor,EItemDetailType_Armor_Boots,EUniversalGrade_Rare
2024143002,[SET-][공용]고급 신발 티어 Tier3,EItemType_Armor,EItemDetailType_Armor_Boots,EUniversalGrade_Rare
2024143003,[SET-][공용]고급 신발 티어 Tier3,EItemType_Armor,EItemDetailType_Armor_Boots,EUniversalGrade_Rare
2024241001,[SET-][공용]희귀 신발 티어 Tier1,EItemType_Armor,EItemDetailType_Armor_Boots,EUniversalGrade_Unique
2024241002,[SET-][공용]희귀 신발 티어 Tier1,EItemType_Armor,EItemDetailType_Armor_Boots,EUniversalGrade_Unique
2024241003,[SET-][공용]희귀 신발 티어 Tier1,EItemType_Armor,EItemDetailType_Armor_Boots,EUniversalGrade_Unique
2024242001,[SET-][공용]희귀 신발 티어 Tier2,EItemType_Armor,EItemDetailType_Armor_Boots,EUniversalGrade_Unique
2024242002,[SET-][공용]희귀 신발 티어 Tier2,EItemType_Armor,EItemDetailType_Armor_Boots,EUniversalGrade_Unique
2024242003,[SET-][공용]희귀 신발 티어 Tier2,EItemType_Armor,EItemDetailType_Armor_Boots,EUniversalGrade_Unique
2024243001,[SET-][공용]희귀 신발 티어 Tier3,EItemType_Armor,EItemDetailType_Armor_Boots,EUniversalGrade_Unique
2024243002,[SET-][공용]희귀 신발 티어 Tier3,EItemType_Armor,EItemDetailType_Armor_Boots,EUniversalGrade_Unique
2024243003,[SET-][공용]희귀 신발 티어 Tier3,EItemType_Armor,EItemDetailType_Armor_Boots,EUniversalGrade_Unique
2024341001,[SET-][공용]영웅 신발 티어 Tier1,EItemType_Armor,EItemDetailType_Armor_Boots,EUniversalGrade_Epic
2024341002,[SET-][공용]영웅 신발 티어 Tier1,EItemType_Armor,EItemDetailType_Armor_Boots,EUniversalGrade_Epic
2024341003,[SET-][공용]영웅 신발 티어 Tier1,EItemType_Armor,EItemDetailType_Armor_Boots,EUniversalGrade_Epic
2025041001,[SET-][공용]일반 셔츠 티어 Tier1,EItemType_Armor,EItemDetailType_Armor_Shirts,EUniversalGrade_Common
2025141001,[SET-][공용]고급 셔츠 티어 Tier1,EItemType_Armor,EItemDetailType_Armor_Shirts,EUniversalGrade_Rare
2025241001,[SET-][공용]희귀 셔츠 티어 Tier1,EItemType_Armor,EItemDetailType_Armor_Shirts,EUniversalGrade_Unique
2025341001,[SET-][공용]영웅 셔츠 티어 Tier1,EItemType_Armor,EItemDetailType_Armor_Shirts,EUniversalGrade_Epic
2026041000,[SET-][공용]일반 망토 티어 Tier1,EItemType_Armor,EItemDetailType_Armor_Cloak,EUniversalGrade_Common
2026042000,[SET-][공용]일반 망토 티어 Tier2,EItemType_Armor,EItemDetailType_Armor_Cloak,EUniversalGrade_Common
2026141000,[SET-][공용]고급 망토 티어 Tier1,EItemType_Armor,EItemDetailType_Armor_Cloak,EUniversalGrade_Rare
2026142000,[SET-][공용]고급 망토 티어 Tier2,EItemType_Armor,EItemDetailType_Armor_Cloak,EUniversalGrade_Rare
2026143000,[SET-][공용]고급 망토 티어 Tier3,EItemType_Armor,EItemDetailType_Armor_Cloak,EUniversalGrade_Rare
2026241000,[SET-][공용]희귀 망토 티어 Tier1,EItemType_Armor,EItemDetailType_Armor_Cloak,EUniversalGrade_Unique
2026242000,[SET-][공용]희귀 망토 티어 Tier2,EItemType_Armor,EItemDetailType_Armor_Cloak,EUniversalGrade_Unique
2026243000,[SET-][공용]희귀 망토 티어 Tier3,EItemType_Armor,EItemDetailType_Armor_Cloak,EUniversalGrade_Unique
2026341000,[SET-][공용]영웅 망토 티어 Tier1,EItemType_Armor,EItemDetailType_Armor_Cloak,EUniversalGrade_Epic
2026441000,[SET-][공용]전설 망토 티어 Tier1,EItemType_Armor,EItemDetailType_Armor_Cloak,EUniversalGrade_Legendary
2027041000,[SET-][공용]일반 견갑 티어 Tier1,EItemType_Armor,EItemDetailType_Armor_Pauldron,EUniversalGrade_Common
2027042000,[SET-][공용]일반 견갑 티어 Tier2,EItemType_Armor,EItemDetailType_Armor_Pauldron,EUniversalGrade_Common
2027141000,[SET-][공용]고급 견갑 티어 Tier1,EItemType_Armor,EItemDetailType_Armor_Pauldron,EUniversalGrade_Rare
2027142000,[SET-][공용]고급 견갑 티어 Tier2,EItemType_Armor,EItemDetailType_Armor_Pauldron,EUniversalGrade_Rare
2027143000,[SET-][공용]고급 견갑 티어 Tier3,EItemType_Armor,EItemDetailType_Armor_Pauldron,EUniversalGrade_Rare
2027241000,[SET-][공용]희귀 견갑 티어 Tier1,EItemType_Armor,EItemDetailType_Armor_Pauldron,EUniversalGrade_Unique
2027242000,[SET-][공용]희귀 견갑 티어 Tier2,EItemType_Armor,EItemDetailType_Armor_Pauldron,EUniversalGrade_Unique
2027243000,[SET-][공용]희귀 견갑 티어 Tier3,EItemType_Armor,EItemDetailType_Armor_Pauldron,EUniversalGrade_Unique
2027341000,[SET-][공용]영웅 견갑 티어 Tier1,EItemType_Armor,EItemDetailType_Armor_Pauldron,EUniversalGrade_Epic
2030041001,[SET-][공용]일반 목걸이 티어 Tier1,EItemType_Accessory,EItemDetailType_Accessory_Necklace,EUniversalGrade_Common
2030141001,[SET-][공용]고급 목걸이 티어 Tier1,EItemType_Accessory,EItemDetailType_Accessory_Necklace,EUniversalGrade_Rare
2030241001,[SET-][공용]희귀 목걸이 티어 Tier1,EItemType_Accessory,EItemDetailType_Accessory_Necklace,EUniversalGrade_Unique
2030341001,[SET-][공용]영웅 목걸이 티어 Tier1,EItemType_Accessory,EItemDetailType_Accessory_Necklace,EUniversalGrade_Epic
2031041001,[SET-][공용]일반 반지 티어 Tier1,EItemType_Accessory,EItemDetailType_Accessory_Ring,EUniversalGrade_Common
2031141001,[SET-][공용]고급 반지 티어 Tier1,EItemType_Accessory,EItemDetailType_Accessory_Ring,EUniversalGrade_Rare
2031241001,[SET-][공용]희귀 반지 티어 Tier1,EItemType_Accessory,EItemDetailType_Accessory_Ring,EUniversalGrade_Unique
2031341001,[SET-][공용]영웅 반지 티어 Tier1,EItemType_Accessory,EItemDetailType_Accessory_Ring,EUniversalGrade_Epic
2032041001,[SET-][공용]일반 팔찌 티어 Tier1,EItemType_Accessory,EItemDetailType_Accessory_Bracelet,EUniversalGrade_Common
2032141001,[SET-][공용]고급 팔찌 티어 Tier1,EItemType_Accessory,EItemDetailType_Accessory_Bracelet,EUniversalGrade_Rare
2032241001,[SET-][공용]희귀 팔찌 티어 Tier1,EItemType_Accessory,EItemDetailType_Accessory_Bracelet,EUniversalGrade_Unique
2032341001,[SET-][공용]영웅 팔찌 티어 Tier1,EItemType_Accessory,EItemDetailType_Accessory_Bracelet,EUniversalGrade_Epic
2033041001,[SET-][공용]일반 귀걸이 티어 Tier1,EItemType_Accessory,EItemDetailType_Accessory_Earring,EUniversalGrade_Common
2033141001,[SET-][공용]고급 귀걸이 티어 Tier1,EItemType_Accessory,EItemDetailType_Accessory_Earring,EUniversalGrade_Rare
2033241001,[SET-][공용]희귀 귀걸이 티어 Tier1,EItemType_Accessory,EItemDetailType_Accessory_Earring,EUniversalGrade_Unique
2033341001,[SET-][공용]영웅 귀걸이 티어 Tier1,EItemType_Accessory,EItemDetailType_Accessory_Earring,EUniversalGrade_Epic
2034041001,[SET-][공용]일반 벨트 티어 Tier1,EItemType_Accessory,EItemDetailType_Accessory_Belt,EUniversalGrade_Common
2034141001,[SET-][공용]고급 벨트 티어 Tier1,EItemType_Accessory,EItemDetailType_Accessory_Belt,EUniversalGrade_Rare
2034241001,[SET-][공용]희귀 벨트 티어 Tier1,EItemType_Accessory,EItemDetailType_Accessory_Belt,EUniversalGrade_Unique
2034341001,[SET-][공용]영웅 벨트 티어 Tier1,EItemType_Accessory,EItemDetailType_Accessory_Belt,EUniversalGrade_Epic
